0,1,2
0.0,1033.6207275390625,5035.27001953125
1.0,1625.9842529296875,2816.286865234375
2.0,1330.3228759765625,2332.062255859375
3.0,1775.8905029296875,1925.375244140625
4.0,1776.81298828125,2150.662109375
5.0,16245.609375,2418.855712890625
6.0,1203.1944580078125,66798.109375
7.0,1175.4169921875,5215.3251953125
8.0,1004.7198486328125,1974.205810546875
9.0,1231.4774169921875,2394.4609375
10.0,1888.43115234375,2046.866455078125
11.0,1015.8189697265625,2957.947998046875
12.0,1197.6832275390625,2231.012939453125
13.0,1022.645751953125,3438.733154296875
14.0,1059.8428955078125,47162.4453125
15.0,1451.278076171875,2535.952392578125
16.0,4578.28515625,44652.41015625
17.0,1629.1064453125,2319.536376953125
18.0,1644.406982421875,31436.904296875
19.0,14455.193359375,5235.0537109375
20.0,1061.220703125,63878.4765625
21.0,1267.069091796875,2717.41943359375
22.0,998.729736328125,2201.725830078125
23.0,1356.67822265625,20533.572265625
24.0,1002.88671875,9347.884765625
25.0,1633.7069091796875,2690.498779296875
26.0,4805.796875,2065.04443359375
27.0,1590.6822509765625,3450.237548828125
28.0,2097.011474609375,66136.9453125
29.0,1104.937255859375,18478.021484375
30.0,1198.812744140625,2447.305908203125
31.0,1980.4853515625,2331.03564453125
32.0,1218.3795166015625,2395.53369140625
33.0,1568.436767578125,2486.829345703125
34.0,1439.759033203125,3544.274169921875
35.0,1468.09814453125,2591.703125
36.0,1189.2421875,4530.0595703125
37.0,1018.4473876953125,14349.912109375
38.0,1066.8648681640625,1943.3067626953125
39.0,1004.9149780273438,2430.087890625
40.0,1102.61328125,2150.215576171875
41.0,3059.41015625,2292.45166015625
42.0,8806.3681640625,3543.7763671875
43.0,2797.1435546875,28051.474609375
44.0,19046.6640625,2085.27587890625
45.0,1848.64990234375,2184.553955078125
46.0,1476.24365234375,2435.770751953125
47.0,10195.134765625,65023.75
48.0,7605.59814453125,2690.226806640625
49.0,1575.9317626953125,2185.323974609375
50.0,1530.260986328125,3707.3935546875
51.0,1937.1561279296875,2939.97021484375
52.0,1230.554931640625,2286.5068359375
53.0,1261.5372314453125,9246.4609375
54.0,1095.017822265625,3500.79296875
55.0,1936.9373779296875,2480.93603515625
56.0,1294.1162109375,1946.001953125
57.0,1869.260498046875,3322.365234375
58.0,1041.2369384765625,2105.32763671875
59.0,1105.3807373046875,3652.79296875
60.0,1367.9990234375,2305.619140625
61.0,1714.585205078125,2075.214111328125
62.0,1311.6578369140625,7786.42041015625
63.0,1547.409423828125,3517.343505859375
64.0,42562.671875,1892.150634765625
65.0,2055.677978515625,49474.71875
66.0,1003.1469116210938,1873.8135986328125
67.0,1937.173828125,3567.154541015625
68.0,1936.2041015625,2803.7763671875
69.0,1439.436767578125,19326.791015625
70.0,2482.110595703125,3891.981689453125
71.0,2560.69140625,2056.640625
72.0,1723.62353515625,5755.45947265625
73.0,2327.866943359375,2151.416748046875
74.0,1004.524658203125,2275.223388671875
75.0,8862.9873046875,2607.87890625
76.0,1060.0439453125,2083.011962890625
77.0,1343.6572265625,3475.9052734375
78.0,4141.8623046875,1954.2362060546875
79.0,1261.602294921875,2040.0130615234375
80.0,1003.8742065429688,2313.40673828125
81.0,1073.4375,2171.052734375
82.0,1225.357177734375,1862.6378173828125
83.0,1523.9930419921875,3333.263671875
84.0,1100.593994140625,3795.8759765625
85.0,1362.6151123046875,2078.602294921875
86.0,6748.576171875,2123.2333984375
87.0,1194.0584716796875,3152.72607421875
88.0,1027.098388671875,3461.366943359375
89.0,1363.7149658203125,2110.384033203125
90.0,1179.6419677734375,3062.354736328125
91.0,17158.8515625,2075.650390625
92.0,1102.9444580078125,2286.89697265625
93.0,39349.6640625,2032.29736328125
94.0,1641.48876953125,2136.072509765625
95.0,1111.0072021484375,3310.414306640625
96.0,4187.11328125,6186.197265625
97.0,1684.5311279296875,2560.070068359375
98.0,1036.1456298828125,2313.40673828125
99.0,1319.770751953125,2283.13916015625
100.0,1067.17236328125,1885.302490234375
101.0,32867.79296875,7517.0
102.0,1407.6768798828125,5966.06982421875
103.0,1041.2369384765625,3325.809814453125
104.0,1350.7294921875,4080.835693359375
105.0,1120.0426025390625,3501.598876953125
106.0,1200.8232421875,63594.609375
107.0,1422.73486328125,2491.79345703125
108.0,1597.0804443359375,3298.48388671875
109.0,1501.6351318359375,1852.5400390625
110.0,1112.6214599609375,1948.466064453125
111.0,9859.1748046875,2413.177978515625
112.0,1261.1795654296875,3869.57373046875
113.0,1353.4317626953125,2749.381103515625
114.0,1028.115478515625,30999.326171875
115.0,1109.9456787109375,2742.794677734375
116.0,1074.9779052734375,1921.44287109375
117.0,1104.623779296875,2292.45166015625
118.0,1191.9888916015625,3283.95068359375
119.0,1027.518310546875,4109.265625
120.0,5174.95654296875,2273.73974609375
121.0,21229.05078125,1864.3883056640625
122.0,1089.5716552734375,2655.2158203125
123.0,2025.653564453125,2600.543212890625
124.0,1003.3242797851562,2788.175537109375
125.0,996.61279296875,4997.353515625
126.0,1516.67236328125,2052.97021484375
127.0,1053.5926513671875,63012.85546875
128.0,1913.444091796875,23680.8359375
129.0,32718.6796875,2111.734375
130.0,1753.9525146484375,3569.3876953125
131.0,3795.67236328125,1874.4346923828125
132.0,1000.7461547851562,1975.8433837890625
133.0,1120.8792724609375,50371.25390625
134.0,1509.1507568359375,3111.503662109375
135.0,38601.01171875,2764.653564453125
136.0,1028.5264892578125,1897.068603515625
137.0,1549.6002197265625,3543.642822265625
138.0,2163.913818359375,1918.3319091796875
139.0,1202.138916015625,58491.7421875
140.0,1208.28564453125,2241.239013671875
141.0,1007.685302734375,59737.5390625
142.0,23593.865234375,66831.0234375
143.0,1180.50537109375,6210.7666015625
144.0,1000.7875366210938,3351.056640625
145.0,1320.5601806640625,2938.1015625
146.0,2142.702880859375,2188.3837890625
147.0,1696.789306640625,2372.31982421875
148.0,1204.5426025390625,2150.662109375
149.0,1724.5194091796875,2307.84716796875
150.0,1360.9593505859375,38988.66015625
151.0,1215.4820556640625,2105.83056640625
152.0,1122.679931640625,4893.830078125
153.0,3170.481201171875,2207.31640625
154.0,1494.57763671875,16725.0703125
155.0,1055.511474609375,2139.491455078125
156.0,4998.90185546875,57256.31640625
157.0,29297.978515625,16556.986328125
158.0,1461.5050048828125,2484.185546875
159.0,1590.9454345703125,58691.1875
160.0,22586.455078125,2691.1455078125
161.0,1450.61865234375,3564.37744140625
162.0,1046.236572265625,3771.820068359375
163.0,1206.8753662109375,1898.53173828125
164.0,1975.843505859375,2480.8896484375
165.0,4480.4716796875,3015.803466796875
166.0,1190.297607421875,2182.690673828125
167.0,2872.377685546875,2398.4599609375
168.0,2554.130615234375,5126.18603515625
169.0,1068.7335205078125,2407.921142578125
170.0,1888.1236572265625,15411.3154296875
171.0,42582.51953125,2498.364501953125
172.0,1307.870361328125,66733.03125
173.0,1054.0509033203125,4636.32958984375
174.0,26909.41796875,2115.24560546875
175.0,1016.1116333007812,7791.2255859375
176.0,1115.4598388671875,4028.067626953125
177.0,15322.0224609375,3571.071533203125
178.0,1116.7578125,1885.302490234375
179.0,1242.245361328125,3408.94287109375
180.0,6236.869140625,2118.099853515625
181.0,1235.699462890625,3017.435791015625
182.0,1440.8145751953125,3166.74072265625
183.0,1227.85546875,1950.437255859375
184.0,1279.0582275390625,1865.7281494140625
185.0,42073.09375,2317.477783203125
186.0,1937.1502685546875,2354.64990234375
187.0,1042.268798828125,10599.8720703125
188.0,1118.5791015625,3593.551513671875
189.0,1018.6484375,2569.505615234375
190.0,31329.982421875,33415.67578125
191.0,996.1279296875,3510.264404296875
192.0,1102.61328125,2228.37939453125
193.0,1552.654296875,3514.4482421875
194.0,1125.3289794921875,1892.0325927734375
195.0,39273.35546875,14213.6669921875
196.0,1543.1695556640625,33700.5078125
197.0,1650.1397705078125,2083.961669921875
198.0,1435.9095458984375,3251.511474609375
199.0,1296.2183837890625,2908.30126953125
200.0,39349.6640625,3571.1845703125
201.0,1552.8199462890625,2979.462890625
202.0,1140.271728515625,2761.018798828125
203.0,1132.439697265625,15875.9912109375
204.0,1210.6539306640625,2123.967529296875
205.0,3181.772705078125,2259.42724609375
206.0,1007.4340209960938,8681.0947265625
207.0,3559.749267578125,3057.04150390625
208.0,33314.859375,6751.99462890625
209.0,1249.648681640625,3121.719482421875
210.0,1421.60546875,1892.150634765625
211.0,1710.97802734375,49821.0390625
212.0,1932.1092529296875,2169.358642578125
213.0,1806.72802734375,2521.90185546875
214.0,34270.0,57608.49609375
215.0,1034.229736328125,49755.1171875
216.0,1148.532470703125,1879.794189453125
217.0,1009.293701171875,1902.6488037109375
218.0,1293.714111328125,2675.47802734375
219.0,1043.79736328125,2315.727294921875
220.0,1013.1846313476562,3065.25
221.0,1438.200927734375,2981.428955078125
222.0,1327.6324462890625,4359.486328125
223.0,1883.4404296875,2294.427978515625
224.0,1284.867919921875,3705.596923828125
225.0,14805.9775390625,11570.6611328125
226.0,2114.7421875,2808.016845703125
227.0,1504.2161865234375,66831.0234375
228.0,1359.708740234375,2372.0322265625
229.0,2802.835205078125,11552.14453125
230.0,7605.70751953125,2173.814697265625
231.0,1002.4107055664062,1955.7762451171875
232.0,1005.594970703125,2083.473876953125
233.0,1225.3365478515625,2729.570556640625
234.0,1777.0140380859375,2128.084716796875
235.0,1923.9755859375,1892.150634765625
236.0,1832.113525390625,2228.1689453125
237.0,1453.4688720703125,2502.666259765625
238.0,1280.7760009765625,2179.903076171875
239.0,33232.5234375,3345.302001953125
240.0,1125.473876953125,39408.1015625
241.0,1068.7335205078125,2192.4443359375
242.0,1051.3634033203125,4808.37109375
243.0,1331.37548828125,47801.6171875
244.0,1318.30126953125,1990.67431640625
245.0,1014.2726440429688,2094.41357421875
246.0,1548.6925048828125,3561.62060546875
247.0,11464.8935546875,2101.754638671875
248.0,1646.73974609375,2030.21826171875
249.0,1776.81298828125,2978.728759765625
250.0,25955.1171875,8956.732421875
251.0,1591.5130615234375,2689.497802734375
252.0,4907.64013671875,2818.402099609375
253.0,3909.800537109375,3566.05615234375
254.0,10465.478515625,3634.024658203125
255.0,1114.0701904296875,32490.2578125
256.0,4924.3955078125,1984.662841796875
257.0,1373.7969970703125,2144.0244140625
258.0,1008.0223388671875,10973.81640625
259.0,2337.422607421875,2497.9228515625
260.0,1464.0831298828125,4286.58935546875
261.0,2563.1630859375,2494.61181640625
262.0,1601.944091796875,2210.658203125
263.0,1107.8465576171875,1864.9068603515625
264.0,1082.9783935546875,2202.29052734375
265.0,1640.980224609375,2455.7763671875
266.0,1059.795654296875,2344.957763671875
267.0,2169.05517578125,1974.205810546875
268.0,38384.50390625,3836.70849609375
269.0,1076.1842041015625,3067.031494140625
270.0,1231.01318359375,1939.179443359375
271.0,1227.666259765625,3106.76513671875
272.0,12303.6708984375,3040.42919921875
273.0,1120.7462158203125,3243.45703125
274.0,1329.55712890625,45785.50390625
275.0,1051.4520263671875,2074.9521484375
276.0,1615.0211181640625,2470.2939453125
277.0,1671.5191650390625,11963.4052734375
278.0,1114.98681640625,1862.950927734375
279.0,1670.6173095703125,8401.8798828125
280.0,31164.35546875,3408.23974609375
281.0,17094.814453125,1922.428466796875
282.0,1150.888916015625,1918.8966064453125
283.0,1046.736328125,2207.537109375
284.0,1859.775634765625,64234.078125
285.0,26488.166015625,6027.08740234375
286.0,1497.5609130859375,19042.796875
287.0,1626.1143798828125,2322.42138671875
288.0,42391.2421875,3281.07080078125
289.0,1217.6966552734375,56825.0859375
290.0,1042.7093505859375,2214.698486328125
291.0,30606.36328125,25460.55078125
292.0,1563.2862548828125,2259.42724609375
293.0,1014.654052734375,34653.09375
294.0,1285.5745849609375,2073.658447265625
295.0,1189.6087646484375,2033.7449951171875
296.0,5593.01025390625,12929.1435546875
297.0,1018.4473876953125,2568.1708984375
298.0,42102.45703125,4581.923828125
299.0,1088.0401611328125,1999.0625
300.0,1677.890625,66831.0078125
301.0,1097.61669921875,2814.064208984375
302.0,25430.537109375,3842.093505859375
303.0,1159.6138916015625,7335.548828125
304.0,5638.89990234375,7444.93994140625
305.0,1444.7083740234375,36506.828125
306.0,40254.6015625,2672.685302734375
307.0,1016.1116333007812,2694.754638671875
308.0,1461.55224609375,2588.679443359375
309.0,1221.6112060546875,3178.830322265625
310.0,1813.2828369140625,2158.490966796875
311.0,1411.987548828125,2193.558349609375
312.0,1671.542724609375,2886.32958984375
313.0,1647.097412109375,2273.73974609375
314.0,1678.7066650390625,39827.1875
315.0,1287.1800537109375,3381.75048828125
316.0,1002.88671875,3615.63623046875
317.0,1747.9210205078125,2412.479736328125
318.0,1043.79736328125,1931.9769287109375
319.0,1042.268798828125,3561.374267578125
320.0,999.0874633789062,1952.0389404296875
321.0,1868.0186767578125,2013.4879150390625
322.0,1172.8062744140625,3400.549560546875
323.0,1124.4154052734375,5117.58203125
324.0,42582.53515625,4591.775390625
325.0,1157.697998046875,19528.802734375
326.0,1897.87451171875,2327.123779296875
327.0,1514.339599609375,2929.75439453125
328.0,1159.6138916015625,2439.99560546875
329.0,1839.0556640625,2338.581787109375
330.0,1002.916259765625,3038.10888671875
331.0,1249.13427734375,3304.279541015625
332.0,1841.947265625,3180.6015625
333.0,1790.351318359375,15013.8173828125
334.0,8133.85986328125,2246.295654296875
335.0,1145.522705078125,2206.135498046875
336.0,1289.6014404296875,2891.42724609375
337.0,1301.1234130859375,2077.513916015625
338.0,1578.22314453125,1929.80029296875
339.0,1293.2498779296875,2002.3634033203125
340.0,1359.019775390625,1970.2015380859375
341.0,1100.593994140625,15013.8173828125
342.0,1251.7271728515625,65768.75
343.0,1903.2762451171875,66831.0234375
344.0,26268.6484375,3107.26318359375
345.0,1395.2265625,3513.483154296875
346.0,1277.384765625,2359.983642578125
347.0,1396.7728271484375,2294.443359375
348.0,5278.18408203125,2315.188232421875
349.0,1316.6751708984375,2709.277587890625
350.0,1395.5340576171875,2193.717529296875
351.0,1406.9554443359375,3506.38330078125
352.0,1931.514892578125,2315.157470703125
353.0,1159.6138916015625,2184.620849609375
354.0,1088.261962890625,2660.908935546875
355.0,1411.561767578125,3369.388671875
356.0,1679.4635009765625,2760.407958984375
357.0,1724.5194091796875,2321.74365234375
358.0,1162.200927734375,3563.232666015625
359.0,42582.53515625,2163.152099609375
360.0,1121.6480712890625,2894.73828125
361.0,2628.255859375,1958.94873046875
362.0,1197.159912109375,4307.251953125
363.0,1227.077880859375,57904.41015625
364.0,19499.30078125,23756.771484375
365.0,36726.7578125,32546.142578125
366.0,1235.7880859375,1953.7073974609375
367.0,6559.5244140625,1986.4749755859375
368.0,1640.980224609375,34197.38671875
369.0,1105.212158203125,2708.466552734375
370.0,1921.3323974609375,2560.070068359375
371.0,35970.62109375,7439.390625
372.0,1160.2613525390625,2158.490966796875
373.0,1114.3067626953125,2286.5068359375
374.0,2672.921630859375,3946.310302734375
375.0,1057.9654541015625,2080.824951171875
376.0,1280.6488037109375,2445.319091796875
377.0,1750.85400390625,2577.791015625
378.0,1045.4915771484375,2901.750732421875
379.0,1501.901123046875,66831.0078125
380.0,1552.361572265625,1943.3375244140625
381.0,1251.7271728515625,3691.330810546875
382.0,997.8072509765625,3740.084228515625
383.0,1225.8302001953125,61560.8359375
384.0,1122.82177734375,65285.89453125
385.0,1148.532470703125,2112.68408203125
386.0,1514.978271484375,3330.127197265625
387.0,1427.4417724609375,2649.496826171875
388.0,1251.6177978515625,20109.255859375
389.0,2833.3828125,2271.598876953125
390.0,1145.8360595703125,4262.05078125
391.0,1046.5914306640625,2422.22314453125
392.0,1852.6885986328125,12600.009765625
393.0,18152.44921875,2838.633544921875
394.0,1246.4083251953125,2315.131591796875
395.0,1113.2896728515625,25096.00390625
396.0,1865.245361328125,3328.84375
397.0,1073.4375,2764.653564453125
398.0,40318.59375,3436.73095703125
399.0,1892.8719482421875,27360.677734375
400.0,1029.265625,60400.11328125
401.0,2949.320556640625,2716.793212890625
402.0,1275.380126953125,63653.78515625
403.0,2318.73681640625,2678.614501953125
404.0,1431.1168212890625,2075.59912109375
405.0,38043.15625,4490.171875
406.0,1751.6817626953125,3210.02197265625
407.0,1721.26123046875,2620.2919921875
408.0,26691.86328125,66427.3125
409.0,1575.834228515625,1916.50439453125
410.0,1347.707763671875,7023.89453125
411.0,1049.04541015625,4898.40380859375
412.0,1077.3431396484375,8428.3486328125
413.0,11491.3203125,4171.2275390625
414.0,3951.17529296875,2198.866455078125
415.0,1756.9564208984375,2046.9793701171875
416.0,1472.778564453125,66831.0234375
417.0,1908.7490234375,3062.2109375
418.0,1180.481689453125,2631.87841796875
419.0,1867.9122314453125,2413.177978515625
420.0,42449.453125,2944.913818359375
421.0,1011.1534423828125,2002.7432861328125
422.0,1912.101806640625,6228.9140625
423.0,34881.12890625,2923.8046875
424.0,15452.39453125,1954.2362060546875
425.0,1365.825927734375,1939.179443359375
426.0,2239.741943359375,2318.499267578125
427.0,1066.0252685546875,2188.881591796875
428.0,3060.495361328125,3570.81494140625
429.0,24669.677734375,65441.62890625
430.0,1408.7825927734375,11002.1328125
431.0,1004.2438354492188,3461.76220703125
432.0,1108.71875,6272.53369140625
433.0,1069.0084228515625,37513.4765625
434.0,2347.62890625,5956.25927734375
435.0,3045.7978515625,1879.46044921875
436.0,31533.376953125,1936.1453857421875
437.0,1443.3779296875,1880.353759765625
438.0,1370.9852294921875,2468.907958984375
439.0,1631.0430908203125,2069.207763671875
440.0,1935.1959228515625,1957.96826171875
441.0,1060.9605712890625,2137.55615234375
442.0,1809.968505859375,4045.7373046875
443.0,2425.919921875,3396.103759765625
444.0,1231.8173828125,3159.75390625
445.0,1128.658203125,14213.6669921875
446.0,3668.543701171875,65280.3828125
447.0,1100.7418212890625,16854.173828125
448.0,1590.6822509765625,5365.703125
449.0,2483.97900390625,2127.443115234375
450.0,1933.4573974609375,3302.826904296875
451.0,1612.1531982421875,3088.55126953125
452.0,10025.779296875,3037.2822265625
453.0,1461.8538818359375,2129.31689453125
454.0,6247.791015625,2263.68310546875
455.0,1762.3521728515625,2607.401611328125
456.0,1078.6824951171875,2629.701904296875
457.0,1296.6884765625,57044.32421875
458.0,2548.430419921875,33727.4765625
459.0,3457.092529296875,17086.35546875
460.0,1308.0714111328125,42175.703125
461.0,1106.2440185546875,1910.9344482421875
462.0,3402.27392578125,2884.85107421875
463.0,1467.45361328125,2321.74365234375
464.0,1000.8703002929688,2003.52880859375
465.0,42331.49609375,2210.134765625
466.0,11815.9267578125,40200.93359375
467.0,1871.9864501953125,1954.2362060546875
468.0,42294.98828125,1877.196533203125
469.0,19174.31640625,38029.75
470.0,1408.421875,3934.785400390625
471.0,11362.2109375,3591.061767578125
472.0,1407.6768798828125,2593.617919921875
473.0,1211.526123046875,2468.22509765625
474.0,1966.6898193359375,1913.9940185546875
475.0,1793.75146484375,1981.803466796875
476.0,1661.271484375,1925.5035400390625
477.0,3353.132080078125,10459.7509765625
478.0,1021.2325439453125,2063.052490234375
479.0,14997.025390625,3528.016357421875
480.0,1671.9271240234375,2470.627685546875
481.0,1579.429443359375,3450.037109375
482.0,39143.11328125,2702.958251953125
483.0,1124.4154052734375,2269.797119140625
484.0,1960.38623046875,1964.0772705078125
485.0,41047.1484375,1877.0528564453125
486.0,1894.2911376953125,4283.9150390625
487.0,1007.9070434570312,2119.070068359375
488.0,1354.8155517578125,2025.895751953125
489.0,1270.8594970703125,2096.348876953125
490.0,1905.940185546875,2674.225341796875
491.0,3604.39990234375,2422.36181640625
492.0,1259.3345947265625,9647.6806640625
493.0,1692.3868408203125,20109.255859375
494.0,1133.64599609375,3028.03662109375
495.0,1488.9097900390625,2075.650390625
496.0,1056.82421875,1985.1094970703125
497.0,1270.8594970703125,3561.0712890625
498.0,8973.40234375,3365.245849609375
499.0,1080.03955078125,2083.971923828125
500.0,1134.370361328125,2653.413818359375
501.0,1301.1234130859375,1962.7630615234375
502.0,1398.957763671875,3290.49072265625
503.0,20493.7421875,36457.70703125
504.0,1383.036376953125,1892.0325927734375
505.0,27402.98828125,16763.3359375
506.0,1628.914306640625,6737.2099609375
507.0,1078.6617431640625,2541.45556640625
508.0,33747.23828125,3917.413330078125
509.0,1188.2635498046875,2334.41845703125
510.0,2949.320556640625,1943.3375244140625
511.0,16102.2548828125,5666.29443359375
512.0,1334.38232421875,48143.3203125
513.0,1513.316650390625,1869.3370361328125
514.0,1561.739990234375,2067.097900390625
515.0,2489.567138671875,4423.95361328125
516.0,1316.8023681640625,2933.578857421875
517.0,1076.1842041015625,3391.452880859375
518.0,2911.407958984375,2798.96630859375
519.0,1430.1234130859375,10526.580078125
520.0,1586.5489501953125,1918.0958251953125
521.0,1805.4951171875,2117.0322265625
522.0,2917.1201171875,1953.594482421875
523.0,1214.630615234375,66489.1484375
524.0,1173.8973388671875,2364.10595703125
525.0,1120.5570068359375,3332.21142578125
526.0,1543.79052734375,2362.129638671875
527.0,1230.95703125,2214.1748046875
528.0,1346.3330078125,2731.310791015625
529.0,3402.27392578125,3124.25537109375
530.0,16027.494140625,1956.9415283203125
531.0,26065.38671875,7685.771484375
532.0,4937.88916015625,1946.0224609375
533.0,1046.236572265625,1926.509765625
534.0,1358.5762939453125,2089.83447265625
535.0,1225.8302001953125,3521.15771484375
536.0,1829.9345703125,2521.90185546875
537.0,1231.4862060546875,66824.265625
538.0,1138.958984375,1892.150634765625
539.0,1248.3330078125,2327.123779296875
540.0,998.7888793945312,9673.7236328125
541.0,1101.37451171875,2051.69189453125
542.0,1716.2734375,2134.753173828125
543.0,4141.9541015625,2803.7763671875
544.0,1007.0496215820312,3859.537353515625
545.0,1384.1451416015625,4658.72216796875
546.0,33446.19921875,3191.561767578125
547.0,1140.5850830078125,3137.895263671875
548.0,2011.3760986328125,28671.5859375
549.0,1499.917236328125,9324.291015625
550.0,4596.48291015625,3934.785400390625
551.0,1207.52587890625,3194.66748046875
552.0,1101.37451171875,2406.950927734375
553.0,3651.421875,3763.693603515625
554.0,1235.7880859375,2460.30419921875
555.0,37896.34375,2730.407470703125
556.0,1270.90087890625,1933.91748046875
557.0,1253.604736328125,2140.73388671875
558.0,39513.98046875,3556.77978515625
559.0,1703.2081298828125,6448.35888671875
560.0,1005.6068115234375,2979.6220703125
561.0,1045.6748046875,2648.58837890625
562.0,1055.4464111328125,23830.19140625
563.0,1152.0775146484375,66127.7578125
564.0,1324.7171630859375,2159.30712890625
565.0,1651.4111328125,2207.275146484375
566.0,1059.8428955078125,9755.962890625
567.0,1240.5009765625,49628.12109375
568.0,1078.6617431640625,2446.15087890625
569.0,1541.1207275390625,3565.024169921875
570.0,1333.41552734375,2922.644287109375
571.0,1533.28271484375,3483.9599609375
572.0,1073.4375,1888.865234375
573.0,1238.972412109375,2259.48876953125
574.0,1919.6707763671875,1942.8961181640625
575.0,1342.5692138671875,2500.007080078125
576.0,1036.689697265625,3531.486572265625
577.0,1536.3516845703125,2647.23291015625
578.0,2100.5888671875,7253.93017578125
579.0,1094.08056640625,2575.08056640625
580.0,5436.82373046875,24248.072265625
581.0,1072.4085693359375,2491.1826171875
582.0,2428.30908203125,3260.957275390625
583.0,997.1567993164062,64592.05859375
584.0,1026.8323974609375,40347.04296875
585.0,3760.9970703125,1877.0682373046875
586.0,16455.921875,1953.7073974609375
587.0,1099.1954345703125,32915.21875
588.0,1574.438720703125,1859.783447265625
589.0,1213.6046142578125,3480.438232421875
590.0,2240.89501953125,2153.352294921875
591.0,1837.3052978515625,1930.85791015625
592.0,1584.1748046875,39463.12109375
593.0,1405.8052978515625,4737.3125
594.0,1151.39453125,10584.681640625
595.0,3248.373291015625,11416.5869140625
596.0,1100.593994140625,2128.084716796875
597.0,42582.53515625,2858.618408203125
598.0,1158.2242431640625,2066.861572265625
599.0,1102.4093017578125,11543.8583984375
600.0,7585.14453125,66778.0703125
601.0,1181.47802734375,2691.1455078125
602.0,1183.884765625,3454.154296875
603.0,1262.3651123046875,6968.744140625
604.0,1514.339599609375,1871.7652587890625
605.0,1637.4825439453125,3194.48779296875
606.0,1043.6939697265625,23360.357421875
607.0,2628.255859375,3480.25341796875
608.0,1454.26123046875,3552.477783203125
609.0,1213.6046142578125,3877.566650390625
610.0,1022.1401977539062,39028.76171875
611.0,1157.100830078125,3368.3671875
612.0,1072.4085693359375,1873.6134033203125
613.0,1096.3541259765625,18856.576171875
614.0,1561.4443359375,1974.205810546875
615.0,1204.5426025390625,2115.24560546875
616.0,1099.1954345703125,66830.7109375
617.0,1157.807373046875,2228.37939453125
618.0,1060.9605712890625,8108.63427734375
619.0,2862.499755859375,1913.6295166015625
620.0,1241.869873046875,3221.83447265625
621.0,1393.298828125,2891.6015625
622.0,12521.0732421875,1946.0224609375
623.0,1228.22509765625,4758.20068359375
624.0,1350.971923828125,2182.690673828125
625.0,1196.1754150390625,8767.0517578125
626.0,4572.9189453125,3169.0869140625
627.0,1023.5357055664062,2699.46728515625
628.0,2049.513427734375,2030.4287109375
629.0,2554.021240234375,7685.6484375
630.0,2785.899658203125,2207.3779296875
631.0,40011.29296875,2273.436767578125
632.0,1085.8670654296875,2119.070068359375
633.0,1010.8814086914062,1880.153564453125
634.0,36206.21484375,2446.725830078125
635.0,1227.873291015625,15875.9912109375
636.0,42176.07421875,14478.6884765625
637.0,1133.897216796875,2795.331787109375
638.0,1201.6865234375,2263.369873046875
639.0,1618.5513916015625,2556.050537109375
640.0,1219.6922607421875,4527.95458984375
641.0,1459.648193359375,1888.1927490234375
642.0,1922.8992919921875,2462.568115234375
643.0,1023.5357055664062,2271.598876953125
644.0,1229.585205078125,2413.819580078125
645.0,1387.1224365234375,2575.71728515625
646.0,1028.3194580078125,2502.958984375
647.0,3894.54736328125,1981.5057373046875
648.0,1371.508544921875,31329.724609375
649.0,1100.5614013671875,1865.7076416015625
650.0,1861.0380859375,34492.6640625
651.0,1255.2366943359375,1985.1094970703125
652.0,1085.6038818359375,3657.685302734375
653.0,1333.8974609375,1880.153564453125
654.0,1028.5264892578125,3476.870361328125
655.0,1100.5850830078125,5068.5205078125
656.0,24548.828125,3513.072509765625
657.0,1570.311279296875,59324.95703125
658.0,1681.8731689453125,2263.68310546875
659.0,22515.09765625,6137.017578125
660.0,1212.005126953125,4923.03466796875
661.0,1331.0650634765625,2688.4658203125
662.0,1083.3184814453125,1895.69287109375
663.0,35899.49609375,2103.91064453125
664.0,1065.45166015625,3351.88330078125
665.0,11418.1083984375,1955.7762451171875
666.0,1862.398193359375,66664.609375
667.0,2400.640869140625,66477.0078125
668.0,1105.88037109375,3179.846923828125
669.0,1005.6748046875,1954.8521728515625
670.0,1215.3668212890625,3179.846923828125
671.0,1797.1634521484375,3570.989501953125
672.0,4578.28515625,34386.03515625
673.0,8988.8828125,2188.840576171875
674.0,1659.420654296875,1984.662841796875
675.0,1160.2613525390625,1892.150634765625
676.0,1863.580810546875,66755.9765625
677.0,1041.482421875,11529.7158203125
678.0,1422.2440185546875,1897.443359375
679.0,1181.658447265625,2214.698486328125
680.0,1002.0470581054688,3570.809814453125
681.0,1052.933349609375,3195.191162109375
682.0,1055.026611328125,3531.517333984375
683.0,1660.6151123046875,60333.484375
684.0,3939.224853515625,3471.9677734375
685.0,1190.7855224609375,5393.6708984375
686.0,1411.90478515625,30920.70703125
687.0,42582.53515625,2052.97021484375
688.0,2470.706787109375,1892.5562744140625
689.0,1004.0279541015625,3119.17822265625
690.0,1028.5264892578125,2423.32177734375
691.0,1789.6683349609375,2292.0048828125
692.0,1009.8140869140625,4825.92822265625
693.0,1223.4412841796875,3566.2666015625
694.0,1040.5687255859375,4591.775390625
695.0,1017.6786499023438,2322.246826171875
696.0,3009.209716796875,39463.12109375
697.0,1113.4285888671875,1876.06201171875
698.0,1733.6051025390625,4810.93798828125
699.0,2036.9241943359375,2152.412841796875
700.0,1052.3094482421875,2344.295654296875
701.0,1810.9560546875,2688.3427734375
702.0,1866.2801513671875,10788.7353515625
703.0,1234.8094482421875,1980.704833984375
704.0,2008.6441650390625,2470.2939453125
705.0,34819.6484375,1939.1331787109375
706.0,19628.271484375,2585.6455078125
707.0,1359.019775390625,5651.40185546875
708.0,42555.359375,53124.7421875
709.0,1168.8563232421875,3454.333984375
710.0,1314.5523681640625,10102.6953125
711.0,1296.3277587890625,2657.66455078125
712.0,3013.059326171875,3476.505859375
713.0,1046.90771484375,3371.25732421875
714.0,1100.6856689453125,66830.984375
715.0,1300.23046875,52459.984375
716.0,1342.53076171875,2813.607177734375
717.0,1460.57958984375,2645.636474609375
718.0,1461.4842529296875,58374.6953125
719.0,42582.46875,60380.01953125
720.0,1327.4609375,1942.8961181640625
721.0,1564.0313720703125,60799.3984375
722.0,4370.98828125,3131.098388671875
723.0,1335.479248046875,2982.224609375
724.0,10758.0146484375,2578.16064453125
725.0,1034.229736328125,66729.7421875
726.0,1338.6339111328125,2059.972412109375
727.0,1407.6768798828125,66549.359375
728.0,1311.4715576171875,2884.97412109375
729.0,2260.104248046875,2971.849853515625
730.0,23593.865234375,1962.72705078125
731.0,1346.1407470703125,2565.7939453125
732.0,4284.18798828125,2188.840576171875
733.0,2246.7373046875,3744.46826171875
734.0,1255.2366943359375,3937.141845703125
735.0,1713.8253173828125,26458.998046875
736.0,1741.9161376953125,1911.6993408203125
737.0,39341.4921875,5541.86181640625
738.0,1410.216552734375,54600.74609375
739.0,42306.26953125,66829.8828125
740.0,1055.6416015625,2635.6875
741.0,1242.1212158203125,6894.4716796875
742.0,36984.05859375,21736.400390625
743.0,1376.8836669921875,2085.71728515625
744.0,38767.7734375,1911.9149169921875
745.0,1287.7772216796875,1954.2362060546875
746.0,1108.6478271484375,1855.4713134765625
747.0,2539.07861328125,22237.330078125
748.0,1187.879150390625,2217.69140625
749.0,13145.1494140625,1872.9049072265625
750.0,1430.77392578125,1897.5203857421875
751.0,1098.91455078125,2132.6484375
752.0,15743.166015625,2165.108154296875
753.0,1482.6329345703125,1904.584228515625
754.0,1019.7069091796875,2444.795654296875
755.0,1714.08544921875,2780.767822265625
756.0,1100.3160400390625,2050.767822265625
757.0,1131.2777099609375,2407.910888671875
758.0,1004.3532104492188,3542.30810546875
759.0,1122.679931640625,2445.365478515625
760.0,1451.8515625,11214.298828125
761.0,1384.1451416015625,3027.65673828125
762.0,1149.650146484375,2006.064697265625
763.0,4387.77587890625,4493.38525390625
764.0,1181.126220703125,2202.00830078125
765.0,1050.44384765625,2352.144775390625
766.0,1438.733154296875,3716.433837890625
767.0,1439.649658203125,1860.923095703125
768.0,1934.4715576171875,2128.084716796875
769.0,33273.53515625,7884.13818359375
770.0,1464.5709228515625,2046.866455078125
771.0,1001.361083984375,3451.587646484375
772.0,2214.442138671875,1864.48583984375
773.0,1397.9200439453125,4659.07666015625
774.0,1497.4869384765625,2134.625
775.0,1017.2529296875,37060.69140625
776.0,1136.620361328125,49252.125
777.0,1489.486328125,35352.765625
778.0,42119.4140625,4303.771484375
779.0,996.908447265625,2802.272216796875
780.0,3642.904052734375,66710.703125
781.0,34788.29296875,2679.67724609375
782.0,1057.0194091796875,3570.99462890625
783.0,1652.8450927734375,2105.32763671875
784.0,2377.16845703125,2301.20947265625
785.0,28462.078125,3707.034423828125
786.0,42582.515625,1965.0628662109375
787.0,35930.54296875,2184.6875
788.0,1055.37255859375,66830.65625
789.0,1405.8052978515625,66427.3125
790.0,1056.5640869140625,2692.9375
791.0,1016.1116333007812,2192.4443359375
792.0,1275.61669921875,2407.012451171875
793.0,1000.610107421875,3217.845458984375
794.0,1163.1795654296875,8639.8212890625
795.0,13338.7548828125,3495.792724609375
796.0,1364.0697021484375,3649.969482421875
797.0,1328.3360595703125,4385.1748046875
798.0,1041.464599609375,1949.841796875
799.0,1493.3831787109375,7550.89208984375
800.0,1543.1695556640625,2289.51513671875
801.0,1409.97412109375,3795.8759765625
802.0,1635.0699462890625,1866.333984375
803.0,5417.60302734375,2013.4879150390625
804.0,1741.3099365234375,7444.93994140625
805.0,1792.2347412109375,1892.2430419921875
806.0,9285.2275390625,1893.423828125
807.0,7294.1337890625,2853.44384765625
808.0,3894.54736328125,2251.3984375
809.0,1176.1768798828125,2202.91162109375
810.0,1454.4031982421875,2080.824951171875
811.0,1020.74169921875,1978.4615478515625
812.0,1545.585205078125,2539.166015625
813.0,5820.7080078125,3134.9228515625
814.0,1028.5264892578125,1917.459228515625
815.0,7497.6376953125,1962.352294921875
816.0,1343.468017578125,2457.773193359375
817.0,1642.2752685546875,1929.75927734375
818.0,1223.8759765625,57360.62890625
819.0,5427.640625,2322.42138671875
820.0,1125.39990234375,1879.573486328125
821.0,1142.2379150390625,2294.766845703125
822.0,1499.0657958984375,1929.964599609375
823.0,1116.3675537109375,2702.72705078125
824.0,1675.661376953125,54347.02734375
825.0,1781.126708984375,60799.3984375
826.0,9584.439453125,2560.070068359375
827.0,6285.759765625,20686.0703125
828.0,1108.615234375,4433.58447265625
829.0,1276.447509765625,2506.572998046875
830.0,1167.608642578125,66289.5078125
831.0,1497.714599609375,2214.108154296875
832.0,1051.4520263671875,3097.303955078125
833.0,1112.63916015625,2455.914794921875
834.0,1098.2818603515625,3217.5888671875
835.0,1700.8013916015625,2498.364501953125
836.0,1768.957275390625,2740.043212890625
837.0,1660.6151123046875,1962.0596923828125
838.0,1072.4085693359375,3023.503662109375
839.0,1154.5048828125,2204.5595703125
840.0,42577.32421875,4245.72119140625
841.0,1036.1456298828125,14173.173828125
842.0,1235.536865234375,17174.390625
843.0,30603.09375,3260.97265625
844.0,40448.0,2413.177978515625
845.0,1781.1474609375,5800.81494140625
846.0,1011.1534423828125,2033.7911376953125
847.0,1249.99169921875,3124.25537109375
848.0,1272.0687255859375,34805.4296875
849.0,1583.9677734375,1970.2015380859375
850.0,1278.647216796875,2074.9521484375
851.0,1643.3988037109375,66546.1171875
852.0,1006.9580078125,22991.576171875
853.0,1218.4505615234375,2470.088623046875
854.0,1293.767333984375,3417.064208984375
855.0,1925.3829345703125,2204.34912109375
856.0,1364.696533203125,1893.8756103515625
857.0,1337.3094482421875,2241.09521484375
858.0,1924.2327880859375,6386.412109375
859.0,12173.9462890625,9565.712890625
860.0,1015.8455810546875,3512.286865234375
861.0,1920.894775390625,1919.4715576171875
862.0,9495.99609375,1885.5489501953125
863.0,5270.8486328125,3639.573974609375
864.0,1061.4779052734375,2804.161376953125
865.0,1366.6064453125,3306.286865234375
866.0,1132.8033447265625,2242.368408203125
867.0,1316.68701171875,3847.180908203125
868.0,1570.689697265625,2083.961669921875
869.0,1247.3988037109375,2893.62939453125
870.0,1131.422607421875,1922.428466796875
871.0,1045.7664794921875,4791.076171875
872.0,1180.50537109375,2642.1611328125
873.0,1115.4598388671875,2746.83984375
874.0,1321.813720703125,2239.231689453125
875.0,1182.1640625,66642.7890625
876.0,1130.8223876953125,2921.484130859375
877.0,1010.9346313476562,2606.113037109375
878.0,10151.021484375,1974.205810546875
879.0,1444.5133056640625,66599.5078125
880.0,1901.0145263671875,1878.6185302734375
881.0,1209.72265625,2435.77587890625
882.0,1199.21484375,35794.796875
883.0,1206.106689453125,2367.997314453125
884.0,1156.7459716796875,1872.1861572265625
885.0,2018.4896240234375,3759.36083984375
886.0,3059.41015625,3650.14404296875
887.0,1802.48828125,3417.11572265625
888.0,1072.447021484375,9316.220703125
889.0,42550.65234375,1991.9422607421875
890.0,1377.8209228515625,1889.0089111328125
891.0,1075.96240234375,54480.6875
892.0,1026.63720703125,2251.3984375
893.0,1062.0870361328125,3129.650634765625
894.0,6265.14306640625,23647.47265625
895.0,1119.0845947265625,42175.703125
896.0,1413.0164794921875,4365.41552734375
897.0,3355.373291015625,32484.6640625
898.0,42580.390625,2437.865234375
899.0,1891.9525146484375,2905.369873046875
900.0,1213.6046142578125,15547.9501953125
901.0,1008.03125,1986.6546630859375
902.0,34465.32421875,3546.569091796875
903.0,4864.43505859375,3166.971923828125
904.0,13170.7685546875,2145.26171875
905.0,1208.28564453125,5650.90380859375
906.0,1073.4375,1852.35009765625
907.0,1516.6251220703125,2067.621337890625
908.0,1316.5155029296875,66710.703125
909.0,3441.703369140625,60894.87109375
910.0,1333.8974609375,2073.00146484375
911.0,1149.975341796875,2000.5924072265625
912.0,1638.7154541015625,3553.30419921875
913.0,1068.7335205078125,1876.554931640625
914.0,1588.3939208984375,2106.713623046875
915.0,1441.4501953125,2699.343994140625
916.0,999.0460815429688,2676.135009765625
917.0,3559.749267578125,3194.595703125
918.0,5713.78466796875,5787.6728515625
919.0,1156.778564453125,2232.1474609375
920.0,1181.933349609375,2448.83056640625
921.0,1065.0701904296875,2374.9892578125
922.0,2670.65087890625,7891.31494140625
923.0,6048.9853515625,2258.44677734375
924.0,8133.85986328125,59412.59765625
925.0,2241.74658203125,3377.6025390625
926.0,1921.78173828125,9935.89453125
927.0,1280.4093017578125,3283.1240234375
928.0,1010.529541015625,1881.6011962890625
929.0,1429.3458251953125,2325.6708984375
930.0,1641.7135009765625,2625.33837890625
931.0,1926.9173583984375,9016.3896484375
932.0,1187.2257080078125,22001.181640625
933.0,1214.2432861328125,2753.27734375
934.0,1601.6484375,2468.974609375
935.0,31155.849609375,3260.957275390625
936.0,1028.5264892578125,1970.2015380859375
937.0,1338.486083984375,64593.7734375
938.0,1981.39306640625,66831.0078125
939.0,1921.3973388671875,5841.611328125
940.0,1703.35302734375,11144.2099609375
941.0,5249.98974609375,2095.03466796875
942.0,1570.689697265625,3880.754638671875
943.0,1854.849853515625,2961.8134765625
944.0,1799.197509765625,66591.7265625
945.0,1099.1954345703125,2413.177978515625
946.0,1010.12744140625,3767.184326171875
947.0,1847.5914306640625,2755.038330078125
948.0,999.6314697265625,66784.8984375
949.0,20576.169921875,2508.02587890625
950.0,1232.0745849609375,3425.088134765625
951.0,27123.44921875,2629.15771484375
952.0,1367.9990234375,1966.6953125
953.0,1441.745849609375,4542.2314453125
954.0,1097.696533203125,8361.7763671875
955.0,1000.9501342773438,2172.038330078125
956.0,1060.9605712890625,3600.368896484375
957.0,2730.463134765625,1857.1602783203125
958.0,1754.262939453125,2068.80224609375
959.0,1211.744873046875,66744.71875
960.0,1253.8973388671875,45114.86328125
961.0,1219.8431396484375,2209.010498046875
962.0,4334.41455078125,9569.0908203125
963.0,4313.79833984375,1878.9420166015625
964.0,1263.07763671875,2323.73046875
965.0,1195.649169921875,2239.231689453125
966.0,21309.384765625,2575.34765625
967.0,1028.5264892578125,2406.4580078125
968.0,1217.2176513671875,66831.0234375
969.0,1083.764892578125,2159.30712890625
970.0,1784.8963623046875,3943.363525390625
971.0,1686.3465576171875,2842.380859375
972.0,1107.8465576171875,2189.29736328125
973.0,16245.609375,2206.135498046875
974.0,1743.920654296875,15371.201171875
975.0,1405.8052978515625,2834.208251953125
976.0,2020.9998779296875,2800.393310546875
977.0,1887.659423828125,66826.453125
978.0,33984.1328125,2235.099365234375
979.0,1264.8309326171875,3984.2421875
980.0,1190.7855224609375,2030.41845703125
981.0,1318.8690185546875,3486.244384765625
982.0,1150.5341796875,24553.568359375
983.0,1030.92138671875,2994.124267578125
984.0,3715.725341796875,1916.4376220703125
985.0,1162.304443359375,43331.234375
986.0,1315.2855224609375,4811.6669921875
987.0,1100.0499267578125,5650.90380859375
988.0,1316.68701171875,7619.4970703125
989.0,5335.9736328125,2390.261474609375
990.0,1367.9990234375,3136.863525390625
991.0,1837.130859375,1966.6953125
992.0,2018.4896240234375,15292.169921875
993.0,1016.0732421875,2881.2626953125
994.0,1846.861083984375,64234.078125
995.0,3354.11962890625,2422.906005859375
996.0,12488.4853515625,3173.691650390625
997.0,1015.5084838867188,10487.1025390625
998.0,2426.49951171875,7655.560546875
999.0,1110.7587890625,2305.619140625
1000.0,1191.5926513671875,2242.15283203125
1001.0,1005.0923461914062,43715.890625
1002.0,1001.2635498046875,2730.89501953125
1003.0,42279.46875,2040.0386962890625
1004.0,1214.630615234375,4869.38916015625
1005.0,1276.6485595703125,2353.602783203125
1006.0,1433.7393798828125,11228.6728515625
1007.0,1805.7139892578125,59601.82421875
1008.0,1378.1934814453125,2216.43359375
1009.0,1438.5350341796875,1952.9835205078125
1010.0,2422.85400390625,2300.3212890625
1011.0,1094.698486328125,23297.275390625
1012.0,1495.44091796875,2177.34130859375
1013.0,4141.9541015625,3157.02294921875
1014.0,1162.60595703125,2337.087890625
1015.0,1541.5079345703125,58247.0703125
1016.0,1451.8515625,2104.742431640625
1017.0,41465.625,1942.978271484375
1018.0,1507.98291015625,12026.1943359375
1019.0,1790.2833251953125,59237.9375
1020.0,3715.725341796875,3037.533935546875
1021.0,1250.0567626953125,2656.422119140625
1022.0,1446.4942626953125,2140.73388671875
1023.0,1007.5552368164062,9997.3388671875
1024.0,1092.123291015625,8174.63671875
1025.0,1829.9345703125,3568.484130859375
1026.0,1057.8826904296875,1977.97900390625
1027.0,1217.82666015625,13585.6669921875
1028.0,1202.3458251953125,2123.875244140625
1029.0,1223.8759765625,13138.6962890625
1030.0,1433.748291015625,3007.06103515625
1031.0,11933.2724609375,2377.509765625
1032.0,5682.072265625,2946.875
1033.0,1199.4217529296875,2553.0166015625
1034.0,1003.022705078125,2407.28955078125
1035.0,1032.2813720703125,2128.644287109375
1036.0,2947.824462890625,2569.505615234375
1037.0,3249.8427734375,27793.998046875
1038.0,1141.933349609375,65728.90625
1039.0,1839.936767578125,3345.302001953125
1040.0,30100.142578125,1885.302490234375
1041.0,1207.3070068359375,1962.7630615234375
1042.0,1814.8114013671875,2347.575927734375
1043.0,1597.766357421875,19528.802734375
1044.0,6791.2548828125,2229.3291015625
1045.0,1010.473388671875,3273.2060546875
1046.0,1016.1116333007812,5800.81494140625
1047.0,1029.8717041015625,3181.397216796875
1048.0,1018.5006103515625,2399.245361328125
1049.0,1818.649169921875,18429.73046875
1050.0,1189.0440673828125,1954.2362060546875
1051.0,1155.0489501953125,3534.156005859375
1052.0,1427.533447265625,45187.20703125
1053.0,1181.0877685546875,2107.124267578125
1054.0,1770.16064453125,2335.578857421875
1055.0,1242.3310546875,2941.192138671875
1056.0,1593.053466796875,20443.642578125
1057.0,1463.4356689453125,3510.85986328125
1058.0,1078.6617431640625,2425.5087890625
1059.0,1008.007568359375,43786.078125
1060.0,1472.3232421875,65303.19140625
1061.0,2777.476318359375,3440.673583984375
1062.0,4750.927734375,2480.905029296875
1063.0,1050.686279296875,3010.58251953125
1064.0,1080.03955078125,1901.03173828125
1065.0,1937.088134765625,2701.120361328125
1066.0,2027.8385009765625,16752.677734375
1067.0,1020.74169921875,4605.908203125
1068.0,39079.796875,2596.92919921875
1069.0,3077.25634765625,2643.5625
1070.0,31842.064453125,66477.0078125
1071.0,1416.4432373046875,2591.703125
1072.0,7203.47802734375,2788.185791015625
1073.0,1262.0133056640625,2353.66943359375
1074.0,1157.053466796875,2573.756103515625
1075.0,14681.6640625,4930.89453125
1076.0,1973.78857421875,35689.44140625
1077.0,11933.2724609375,1980.7818603515625
1078.0,1349.1240234375,1885.302490234375
1079.0,1073.4375,2848.98779296875
1080.0,1804.14990234375,46604.76953125
1081.0,1313.9727783203125,2157.15625
1082.0,1383.3172607421875,66402.28125
1083.0,1054.3199462890625,1934.5950927734375
1084.0,1145.413330078125,20928.32421875
1085.0,1128.374267578125,1970.2015380859375
1086.0,998.839111328125,3299.736328125
1087.0,1029.8037109375,2924.9443359375
1088.0,3944.150390625,3262.77978515625
1089.0,3821.3623046875,2115.08642578125
1090.0,1097.862060546875,2076.974853515625
1091.0,1474.95751953125,2149.347900390625
1092.0,1129.4327392578125,3562.103271484375
1093.0,2431.22705078125,2255.905517578125
1094.0,1167.608642578125,3959.724365234375
1095.0,1326.7572021484375,2198.938232421875
1096.0,1935.994140625,2270.048583984375
1097.0,2984.598876953125,3412.834228515625
1098.0,23814.83203125,2606.113037109375
1099.0,1756.731689453125,2777.2666015625
1100.0,1663.0572509765625,4636.32958984375
1101.0,5568.02685546875,5652.87548828125
1102.0,2456.0478515625,54315.91796875
1103.0,3283.267333984375,1884.37841796875
1104.0,11162.3935546875,1998.487548828125
1105.0,1734.1904296875,30079.083984375
1106.0,1076.1842041015625,49474.71875
1107.0,1887.3756103515625,2205.26806640625
1108.0,8713.619140625,2062.872802734375
1109.0,1265.138427734375,2072.575439453125
1110.0,1537.4219970703125,3005.679931640625
1111.0,26287.392578125,2242.019287109375
1112.0,1331.5233154296875,1855.8306884765625
1113.0,1323.49609375,66487.78125
1114.0,1247.7742919921875,2316.42529296875
1115.0,1196.190185546875,5602.6328125
1116.0,1189.5526123046875,48965.55859375
1117.0,1410.671875,3433.00390625
1118.0,1760.962646484375,4457.49658203125
1119.0,1234.55517578125,3567.35986328125
1120.0,1492.3897705078125,2907.099853515625
1121.0,6109.22607421875,3537.09765625
1122.0,1051.4520263671875,2319.957275390625
1123.0,1698.64306640625,3761.604248046875
1124.0,1395.93310546875,3385.785400390625
1125.0,2832.164794921875,2389.89208984375
1126.0,997.8072509765625,3161.2890625
1127.0,11188.2705078125,3555.650390625
1128.0,1482.2308349609375,2204.34912109375
1129.0,1793.9022216796875,2859.50146484375
1130.0,1291.464111328125,2730.89501953125
1131.0,40437.59765625,14349.912109375
1132.0,1028.5205078125,1869.60400390625
1133.0,1716.23193359375,31006.98046875
1134.0,1875.002197265625,1939.179443359375
1135.0,1867.5426025390625,1885.302490234375
1136.0,3355.373291015625,7898.99951171875
1137.0,1153.27490234375,41741.0859375
1138.0,1404.1702880859375,3169.0869140625
1139.0,1324.61669921875,29721.052734375
1140.0,1597.121826171875,2040.5572509765625
1141.0,2595.889892578125,2128.084716796875
1142.0,1676.3531494140625,1888.865234375
1143.0,1237.529541015625,8856.4326171875
1144.0,1018.1162719726562,2666.134765625
1145.0,3441.703369140625,2087.462646484375
1146.0,2071.445556640625,13592.6328125
1147.0,1485.67236328125,2672.685302734375
1148.0,2809.07958984375,2068.80224609375
1149.0,1746.1824951171875,17659.2421875
1150.0,1110.3419189453125,2806.820556640625
1151.0,16151.958984375,1871.12353515625
1152.0,1767.192138671875,8635.5859375
1153.0,2712.14697265625,1872.9356689453125
1154.0,1050.576904296875,66830.6171875
1155.0,2716.741455078125,1954.8521728515625
1156.0,1362.36669921875,3518.262451171875
1157.0,1489.6370849609375,2723.400146484375
1158.0,1601.7222900390625,3424.06640625
1159.0,2631.5673828125,2198.938232421875
1160.0,1597.284423828125,7157.701171875
1161.0,1619.260986328125,3464.262451171875
1162.0,1208.3153076171875,2244.519287109375
1163.0,1760.3861083984375,2258.041259765625
1164.0,1040.6160888671875,1885.302490234375
1165.0,1474.1859130859375,13019.705078125
1166.0,1405.8052978515625,1962.72705078125
1167.0,1283.1353759765625,3252.66650390625
1168.0,1007.6113891601562,2112.68408203125
1169.0,1011.1534423828125,1908.922119140625
1170.0,1552.361572265625,2293.83251953125
1171.0,27223.599609375,4274.3662109375
1172.0,1498.9327392578125,3763.693603515625
1173.0,1618.32666015625,1897.6949462890625
1174.0,1464.0831298828125,2165.780517578125
1175.0,1196.2078857421875,49793.31640625
1176.0,1007.4576416015625,3509.437744140625
1177.0,1144.8455810546875,34539.30078125
1178.0,42582.52734375,4417.701171875
1179.0,2065.40234375,2255.84912109375
1180.0,1240.9267578125,66230.9921875
1181.0,1215.860595703125,2322.246826171875
1182.0,4584.10693359375,1866.770263671875
1183.0,1024.254150390625,3469.822021484375
1184.0,1756.731689453125,3082.740234375
1185.0,1876.8648681640625,3551.260986328125
1186.0,1266.40380859375,2281.57861328125
1187.0,3800.600830078125,2660.2158203125
1188.0,1334.435546875,3223.61572265625
1189.0,2253.241943359375,3168.69677734375
1190.0,1264.8043212890625,37666.46875
1191.0,5475.3486328125,4266.06005859375
1192.0,1452.998779296875,17585.26171875
1193.0,1930.2169189453125,3308.689453125
1194.0,1178.657470703125,8467.4404296875
1195.0,1537.173583984375,1880.153564453125
1196.0,1018.5006103515625,1955.124267578125
1197.0,1095.1951904296875,3337.95068359375
1198.0,6189.779296875,59913.3359375
1199.0,1615.4173583984375,5428.80517578125
1200.0,1023.1602172851562,1945.5450439453125
1201.0,42582.52734375,4295.18310546875
1202.0,1651.4111328125,2015.6953125
1203.0,1831.27978515625,2457.773193359375
1204.0,3511.763427734375,3344.773193359375
1205.0,1361.104248046875,2105.32763671875
1206.0,2606.403564453125,3863.392822265625
1207.0,1000.766845703125,2398.4599609375
1208.0,6124.298828125,1980.704833984375
1209.0,1102.9444580078125,2463.569091796875
1210.0,1430.1234130859375,1897.94140625
1211.0,3750.87646484375,2144.0244140625
1212.0,6559.5244140625,3231.449462890625
1213.0,1099.1954345703125,2713.964599609375
1214.0,1830.369140625,3571.07666015625
1215.0,36617.80859375,10487.1025390625
1216.0,1550.368896484375,2813.104248046875
1217.0,1235.7880859375,12036.6875
1218.0,1936.393310546875,2322.0517578125
1219.0,1142.5157470703125,5393.6708984375
1220.0,42155.3984375,3570.73779296875
1221.0,1031.867431640625,3491.701416015625
1222.0,1202.138916015625,1860.4200439453125
1223.0,1888.6380615234375,61672.5859375
1224.0,1173.1226806640625,55435.6484375
1225.0,1380.5054931640625,42433.01953125
1226.0,1815.8846435546875,6635.154296875
1227.0,1249.5216064453125,2255.905517578125
1228.0,1211.904541015625,30471.8203125
1229.0,2010.432861328125,2123.12060546875
1230.0,14424.9501953125,1955.7762451171875
1231.0,1127.7327880859375,2145.08203125
1232.0,1241.787109375,35044.0390625
1233.0,1006.58837890625,2708.466552734375
1234.0,1653.8829345703125,2974.621826171875
1235.0,5156.51025390625,1872.09375
1236.0,1108.77490234375,2542.928955078125
1237.0,19248.423828125,8259.125
1238.0,1374.15478515625,1858.2947998046875
1239.0,1096.3541259765625,2315.717041015625
1240.0,1188.739501953125,3788.442626953125
1241.0,21597.970703125,62816.83203125
1242.0,1076.1842041015625,18331.78125
1243.0,1013.6251220703125,2444.046142578125
1244.0,1173.675537109375,2193.558349609375
1245.0,1623.3853759765625,1965.74560546875
1246.0,13927.2421875,3528.4013671875
1247.0,1226.4451904296875,3544.890380859375
1248.0,9570.7119140625,2773.950439453125
1249.0,1930.1578369140625,16318.6748046875
1250.0,1022.7108154296875,2628.41845703125
1251.0,1314.6143798828125,3565.1474609375
1252.0,1516.908935546875,3980.17138671875
1253.0,1524.687744140625,4718.11767578125
1254.0,1882.881591796875,57371.3984375
1255.0,1366.4498291015625,1857.5606689453125
1256.0,1078.6617431640625,2299.55126953125
1257.0,1001.361083984375,1886.401123046875
1258.0,1192.4205322265625,2258.44677734375
1259.0,17509.07421875,2078.586669921875
1260.0,1008.2796020507812,1963.112060546875
1261.0,1724.5194091796875,3434.92919921875
1262.0,1601.9322509765625,7191.35693359375
1263.0,1076.1842041015625,2848.22802734375
1264.0,31715.9453125,2026.7427978515625
1265.0,1136.791748046875,2287.102294921875
1266.0,1053.33544921875,2536.83544921875
1267.0,1501.578857421875,1956.9415283203125
1268.0,2637.702392578125,2107.6787109375
1269.0,1854.743408203125,2213.579345703125
1270.0,1347.1549072265625,1856.2823486328125
1271.0,1278.857177734375,3275.690673828125
1272.0,41812.82421875,1954.0718994140625
1273.0,1207.5938720703125,3360.8720703125
1274.0,1067.3763427734375,2764.653564453125
1275.0,42499.33203125,2630.502685546875
1276.0,1301.7265625,62276.24609375
1277.0,42582.39453125,11238.6982421875
1278.0,1856.135986328125,38108.35546875
1279.0,9197.6787109375,2044.3868408203125
1280.0,1267.069091796875,1990.140380859375
1281.0,1109.067626953125,3809.310546875
1282.0,1002.5437622070312,2221.53125
1283.0,1080.03955078125,1885.682373046875
1284.0,7391.46826171875,1952.9835205078125
1285.0,1898.6846923828125,2269.068115234375
1286.0,2451.74609375,1860.3790283203125
1287.0,1147.1961669921875,42858.2265625
1288.0,1067.6513671875,3200.853515625
1289.0,1578.01318359375,53821.69140625
1290.0,1021.0196533203125,3143.834716796875
1291.0,1256.8717041015625,3235.15087890625
1292.0,1787.5396728515625,2339.798583984375
1293.0,39846.33203125,3311.374267578125
1294.0,2518.5478515625,63150.9921875
1295.0,1003.1971435546875,9265.978515625
1296.0,1364.0697021484375,5462.55322265625
1297.0,1404.07568359375,2064.310302734375
1298.0,1339.9407958984375,8015.798828125
1299.0,1359.019775390625,40338.234375
1300.0,1181.442626953125,3406.278564453125
1301.0,1122.469970703125,43982.69921875
1302.0,16779.060546875,2991.413818359375
1303.0,1205.524169921875,60085.3359375
1304.0,1716.409423828125,1860.1942138671875
1305.0,1437.4794921875,39601.42578125
1306.0,1011.762451171875,10175.001953125
1307.0,1428.447021484375,2281.71728515625
1308.0,1461.5050048828125,2075.937744140625
1309.0,1878.171630859375,24798.224609375
1310.0,1361.4974365234375,2251.3984375
1311.0,1068.7335205078125,3299.017578125
1312.0,1026.4627685546875,1966.6748046875
1313.0,29921.4921875,2321.892578125
1314.0,1131.08251953125,2802.611083984375
1315.0,19656.28515625,2160.18505859375
1316.0,2955.0654296875,2273.477783203125
1317.0,1914.088623046875,3296.553466796875
1318.0,7081.89599609375,2255.181884765625
1319.0,1441.4501953125,2095.106689453125
1320.0,10234.599609375,9016.3896484375
1321.0,1430.2535400390625,1942.8961181640625
1322.0,1121.75439453125,2779.73583984375
1323.0,6948.3076171875,2464.159423828125
1324.0,1220.875,3564.37744140625
1325.0,29688.287109375,1881.35986328125
1326.0,39324.87109375,2137.84375
1327.0,1133.1048583984375,2332.529296875
1328.0,5694.47509765625,2255.181884765625
1329.0,1018.2078857421875,2131.93994140625
1330.0,1358.8424072265625,3999.54541015625
1331.0,8988.8828125,2188.881591796875
1332.0,3687.865234375,2185.323974609375
1333.0,1169.4742431640625,1891.87353515625
1334.0,1090.789794921875,3306.286865234375
1335.0,1114.0701904296875,1857.9354248046875
1336.0,1301.1234130859375,1943.3375244140625
1337.0,1006.8131103515625,4285.86572265625
1338.0,19414.484375,2265.82373046875
1339.0,1884.841796875,64662.20703125
1340.0,1115.4598388671875,3541.532958984375
1341.0,8504.11328125,15771.826171875
1342.0,1016.1116333007812,2220.8330078125
1343.0,33528.18359375,3174.862060546875
1344.0,1022.3441772460938,2173.814697265625
1345.0,5233.3408203125,2344.377685546875
1346.0,1437.4794921875,2112.68408203125
1347.0,24889.03515625,2896.093505859375
1348.0,4061.752685546875,2087.231689453125
1349.0,7624.86962890625,4836.40576171875
1350.0,20101.10546875,2276.583740234375
1351.0,1451.0355224609375,2807.86279296875
1352.0,2595.889892578125,3169.0869140625
1353.0,1313.824951171875,2674.225341796875
1354.0,1142.5157470703125,3109.90185546875
1355.0,1451.8515625,9044.7314453125
1356.0,1467.796630859375,6877.1767578125
1357.0,42582.53515625,3203.707763671875
1358.0,1732.0233154296875,2502.075927734375
1359.0,1392.0216064453125,2762.3896484375
1360.0,1049.2789306640625,5800.81494140625
1361.0,1343.2994384765625,3526.69189453125
1362.0,1125.39990234375,52792.90234375
1363.0,1205.654296875,3231.829345703125
1364.0,12410.3662109375,16976.13671875
1365.0,1217.6966552734375,2710.314453125
1366.0,35790.08984375,2969.21630859375
1367.0,1849.4541015625,3385.734130859375
1368.0,1218.926513671875,44279.1796875
1369.0,1100.2894287109375,40082.72265625
1370.0,1656.8336181640625,3243.45703125
1371.0,1003.6022338867188,3708.9287109375
1372.0,1303.9173583984375,15411.3154296875
1373.0,1317.0506591796875,2028.005615234375
1374.0,1340.4522705078125,2778.200927734375
1375.0,4753.73681640625,1996.0029296875
1376.0,1841.947265625,63668.23828125
1377.0,7203.47802734375,1869.378173828125
1378.0,4093.367919921875,2653.413818359375
1379.0,5056.51171875,10025.5986328125
1380.0,1878.490966796875,2192.167236328125
1381.0,33096.578125,2290.670166015625
1382.0,1366.680419921875,3547.888427734375
1383.0,1015.5321655273438,1856.4312744140625
1384.0,1085.8670654296875,3934.498046875
1385.0,7695.77197265625,50960.4921875
1386.0,4805.796875,1898.0799560546875
1387.0,1006.58837890625,2141.077880859375
1388.0,1455.4232177734375,3472.332275390625
1389.0,15878.5751953125,3462.87109375
1390.0,1337.247314453125,2759.32470703125
1391.0,2548.4658203125,2662.048583984375
1392.0,1522.0386962890625,4951.572265625
1393.0,1230.554931640625,2259.48876953125
1394.0,3176.264404296875,2688.660888671875
1395.0,1577.79150390625,2256.18798828125
1396.0,1027.8553466796875,1857.452880859375
1397.0,1174.902587890625,1913.911865234375
1398.0,1117.0888671875,3155.82177734375
1399.0,1076.82568359375,2095.656005859375
1400.0,1294.1072998046875,66391.578125
1401.0,1031.9649658203125,6537.888671875
1402.0,1237.9287109375,2071.96435546875
1403.0,42371.18359375,3283.406494140625
1404.0,3265.3798828125,3469.801513671875
1405.0,1709.78662109375,1876.9193115234375
1406.0,1104.937255859375,4073.05322265625
1407.0,1235.681640625,52153.8046875
1408.0,1405.822998046875,2155.64697265625
1409.0,2458.312744140625,66786.09375
1410.0,1002.863037109375,1892.150634765625
1411.0,1868.2611083984375,2678.614501953125
1412.0,1804.5135498046875,3554.04345703125
1413.0,29190.65234375,2188.3837890625
1414.0,17158.8515625,2643.5625
1415.0,1099.1954345703125,3691.931396484375
1416.0,2073.0244140625,2375.08154296875
1417.0,1796.7347412109375,2232.393798828125
1418.0,1694.35302734375,5064.203125
1419.0,1078.0408935546875,2728.240966796875
1420.0,1131.08251953125,2400.45166015625
1421.0,2978.694580078125,26746.509765625
1422.0,1533.8621826171875,1988.4052734375
1423.0,1120.3944091796875,1921.44287109375
1424.0,34753.08203125,1942.8961181640625
1425.0,1015.6533813476562,1934.1947021484375
1426.0,1760.1732177734375,8464.0576171875
1427.0,1267.657470703125,50619.23828125
1428.0,1097.67578125,55971.69140625
1429.0,29604.791015625,2801.0556640625
1430.0,1256.4874267578125,2922.962646484375
1431.0,1097.67578125,2573.006591796875
1432.0,1265.916015625,9755.962890625
1433.0,1959.6796875,2110.384033203125
1434.0,40761.8125,1855.3018798828125
1435.0,1078.6617431640625,1985.1094970703125
1436.0,4753.73681640625,24682.89453125
1437.0,1605.0780029296875,2188.840576171875
1438.0,1002.1741943359375,17595.58984375
1439.0,1094.677734375,3618.17724609375
1440.0,1030.149658203125,2545.921875
1441.0,1241.869873046875,4080.404541015625
1442.0,2422.85400390625,5144.9951171875
1443.0,1106.5841064453125,2388.15673828125
1444.0,1433.4229736328125,3650.14404296875
1445.0,1043.14697265625,3541.94873046875
1446.0,1405.5924072265625,5966.06982421875
1447.0,1029.0882568359375,8532.9609375
1448.0,1063.284423828125,3554.515869140625
1449.0,41747.9765625,2595.3427734375
1450.0,1838.9521484375,2391.406494140625
1451.0,1935.2225341796875,66006.078125
1452.0,1346.60498046875,66444.8203125
1453.0,1432.299560546875,51617.54296875
1454.0,1584.0003662109375,4221.15673828125
1455.0,1201.5919189453125,1991.5162353515625
1456.0,1922.0626220703125,1954.0718994140625
1457.0,1369.2733154296875,1929.225341796875
1458.0,1894.252685546875,4534.76171875
1459.0,8867.759765625,1999.0933837890625
1460.0,1311.6578369140625,2130.122802734375
1461.0,2784.8115234375,2603.53076171875
1462.0,1034.2889404296875,2687.069580078125
1463.0,1020.8067626953125,3206.099853515625
1464.0,1341.66455078125,2687.45458984375
1465.0,1012.454345703125,2013.5546875
1466.0,1044.5543212890625,2212.30615234375
1467.0,1059.795654296875,66584.6953125
1468.0,1686.390869140625,2326.189453125
1469.0,1229.0174560546875,66125.5234375
1470.0,1929.8031005859375,6151.47412109375
1471.0,29197.470703125,2207.3779296875
1472.0,1316.932373046875,1939.179443359375
1473.0,1175.4169921875,2066.661376953125
1474.0,1253.1405029296875,3708.9287109375
1475.0,3457.092529296875,4701.30029296875
1476.0,1299.346435546875,2031.1165771484375
1477.0,1679.9483642578125,21736.400390625
1478.0,1112.0509033203125,3544.80810546875
1479.0,1017.2529296875,7619.8818359375
1480.0,1386.191162109375,66115.6640625
1481.0,42581.76171875,1857.3450927734375
1482.0,1205.3497314453125,6230.58740234375
1483.0,1065.2239990234375,12866.6015625
1484.0,1509.727294921875,62802.828125
1485.0,1024.3458251953125,11963.4052734375
1486.0,1953.41748046875,6000.07470703125
1487.0,1731.7838134765625,13557.75
1488.0,1018.0778198242188,2814.413330078125
1489.0,1500.668212890625,3121.970947265625
1490.0,1114.3067626953125,1889.03466796875
1491.0,2108.6337890625,3033.41162109375
1492.0,3289.080078125,66626.3671875
1493.0,1363.0023193359375,2456.41796875
1494.0,14372.171875,1873.2386474609375
1495.0,1360.44189453125,10025.5986328125
1496.0,1569.376953125,54957.296875
1497.0,1245.887939453125,13010.6240234375
1498.0,2818.0439453125,66831.0234375
1499.0,1013.2171020507812,2594.454833984375
1500.0,1117.482177734375,3212.16259765625
1501.0,14130.509765625,1865.7744140625
1502.0,1871.8858642578125,2075.59912109375
1503.0,2555.70068359375,3825.85595703125
1504.0,1212.9837646484375,7203.3486328125
1505.0,1658.725830078125,4329.83447265625
1506.0,1451.0592041015625,5537.32373046875
1507.0,9673.58203125,15547.9501953125
1508.0,1458.0279541015625,1885.302490234375
1509.0,1923.5350341796875,2084.73681640625
1510.0,1687.091552734375,2474.385498046875
1511.0,19158.53125,2531.4453125
1512.0,1243.5433349609375,3569.711181640625
1513.0,1109.605712890625,3292.81640625
1514.0,1080.1578369140625,2002.3634033203125
1515.0,1676.308837890625,16267.3037109375
1516.0,1644.1260986328125,2197.37255859375
1517.0,15615.1796875,2402.453857421875
1518.0,1265.623291015625,3380.662109375
1519.0,1429.6356201171875,3397.130615234375
1520.0,1489.4952392578125,3571.189697265625
1521.0,5249.98974609375,2486.788330078125
1522.0,1024.7271728515625,3205.24267578125
1523.0,1022.3441772460938,32589.73046875
1524.0,2226.588134765625,1928.9481201171875
1525.0,12737.0068359375,2177.34130859375
1526.0,1434.286376953125,57723.16796875
1527.0,1107.8199462890625,34139.4609375
1528.0,1514.759521484375,2213.579345703125
1529.0,1231.4774169921875,1940.529541015625
1530.0,1923.1240234375,3324.0078125
1531.0,23253.0,2838.22265625
1532.0,1081.86376953125,1879.604248046875
1533.0,1396.8052978515625,23599.443359375
1534.0,1233.91064453125,6967.3994140625
1535.0,1016.5521850585938,3264.92041015625
1536.0,2073.361572265625,8174.63671875
1537.0,1533.8621826171875,2136.072509765625
1538.0,1202.3990478515625,2434.010009765625
1539.0,1334.669189453125,1864.9068603515625
1540.0,5275.07373046875,2045.038818359375
1541.0,1735.1395263671875,2552.88818359375
1542.0,41152.9296875,45892.078125
1543.0,1232.0745849609375,15771.826171875
1544.0,33874.0859375,3227.99462890625
1545.0,1788.1634521484375,2246.295654296875
1546.0,1698.028076171875,4359.486328125
1547.0,1006.58837890625,3218.800537109375
1548.0,1293.73779296875,3917.413330078125
1549.0,1816.3133544921875,2583.2275390625
1550.0,1451.8515625,2556.943603515625
1551.0,1921.908935546875,2336.24609375
1552.0,1064.251220703125,2305.521728515625
1553.0,1416.602783203125,54483.95703125
1554.0,1934.3828125,2164.112060546875
1555.0,1773.0374755859375,2734.149658203125
1556.0,1579.3939208984375,2678.501708984375
1557.0,1438.1949462890625,6170.94580078125
1558.0,1836.2586669921875,3289.77734375
1559.0,1407.6768798828125,2067.80615234375
1560.0,1751.8177490234375,1975.6072998046875
1561.0,1286.263427734375,2689.497802734375
1562.0,1930.2169189453125,2146.247314453125
1563.0,1005.78125,7470.3408203125
1564.0,28754.681640625,3538.144775390625
1565.0,3283.267333984375,3406.50439453125
1566.0,1048.1524658203125,16305.91796875
1567.0,42574.91796875,2591.939208984375
1568.0,19510.240234375,2322.246826171875
1569.0,1015.7036743164062,2911.09375
1570.0,1118.9013671875,2766.614501953125
1571.0,2482.110595703125,1962.72705078125
1572.0,1439.753173828125,2914.805419921875
1573.0,1311.6341552734375,7426.41796875
1574.0,7383.6572265625,2923.1474609375
1575.0,1317.3375244140625,2193.476318359375
1576.0,1020.74169921875,1878.4132080078125
1577.0,1129.814208984375,1937.6495361328125
1578.0,2114.7421875,65122.8984375
1579.0,1072.4085693359375,53861.5234375
1580.0,26234.1328125,2069.336181640625
1581.0,1007.3541870117188,1864.66552734375
1582.0,1749.6240234375,8278.853515625
1583.0,1799.8214111328125,2498.805908203125
1584.0,1145.1590576171875,2447.11083984375
1585.0,8248.6884765625,2421.165771484375
1586.0,12491.78515625,2955.7919921875
1587.0,1055.37548828125,3564.37744140625
1588.0,1205.59814453125,2089.83447265625
1589.0,1014.5387573242188,3513.472900390625
1590.0,1130.53564453125,2691.376708984375
1591.0,1003.3775024414062,2029.894775390625
1592.0,1122.469970703125,3560.434814453125
1593.0,37148.78125,3988.842041015625
1594.0,1668.745849609375,2708.8515625
1595.0,1443.96044921875,48252.2265625
1596.0,1006.58837890625,1908.922119140625
1597.0,8248.6884765625,65942.4140625
1598.0,1439.759033203125,65694.9765625
1599.0,1031.867431640625,1986.6546630859375
1600.0,26234.1328125,2275.767333984375
1601.0,2080.646484375,1986.8138427734375
1602.0,1422.380126953125,2711.36181640625
1603.0,1194.0584716796875,1932.5518798828125
1604.0,1515.4483642578125,3098.28466796875
1605.0,1096.522705078125,2647.23291015625
1606.0,1148.2515869140625,10257.0361328125
1607.0,4194.34228515625,2192.4443359375
1608.0,1885.1434326171875,2137.55615234375
1609.0,1055.2867431640625,1882.3455810546875
1610.0,2917.1201171875,2373.65966796875
1611.0,1437.2281494140625,24375.775390625
1612.0,1446.8431396484375,2212.911865234375
1613.0,1136.5611572265625,2671.715087890625
1614.0,1631.51318359375,61683.98828125
1615.0,2142.702880859375,3360.954345703125
1616.0,4282.59423828125,4595.36865234375
1617.0,1230.7352294921875,3362.92041015625
1618.0,10151.021484375,7734.72509765625
1619.0,26065.38671875,2257.132568359375
1620.0,1476.8438720703125,62361.59375
1621.0,1376.95458984375,2915.9501953125
1622.0,1343.8228759765625,2676.052978515625
1623.0,1313.824951171875,2336.502685546875
1624.0,10472.798828125,1956.9415283203125
1625.0,1431.1966552734375,57014.71484375
1626.0,1084.7996826171875,32264.318359375
1627.0,1695.778076171875,2575.08056640625
1628.0,1066.0252685546875,7093.326171875
1629.0,1260.467041015625,66709.34375
1630.0,1184.7095947265625,1970.2015380859375
1631.0,1157.2220458984375,1865.8975830078125
1632.0,2557.25,2866.272705078125
1633.0,1057.9654541015625,3320.89697265625
1634.0,1598.966796875,1860.6458740234375
1635.0,31986.8828125,2778.200927734375
1636.0,17540.0625,3263.0517578125
1637.0,1028.5205078125,1921.3094482421875
1638.0,19574.765625,4001.291015625
1639.0,1641.48876953125,2647.23291015625
1640.0,29392.255859375,1885.302490234375
1641.0,2114.106689453125,2151.416748046875
1642.0,1588.94384765625,1937.3929443359375
1643.0,1297.043212890625,37100.96875
1644.0,1237.44677734375,1871.0208740234375
1645.0,7244.45361328125,2265.710693359375
1646.0,1492.144287109375,1894.4659423828125
1647.0,19192.619140625,2765.98828125
1648.0,1109.605712890625,1990.67431640625
1649.0,15654.771484375,14173.173828125
1650.0,1048.560546875,2286.5068359375
1651.0,2887.26708984375,2495.95166015625
1652.0,39686.94921875,2388.15673828125
1653.0,1587.5601806640625,3098.05859375
1654.0,35093.0078125,2441.119873046875
1655.0,30131.453125,1868.24365234375
1656.0,1521.7193603515625,1861.451904296875
1657.0,1117.594482421875,7356.15478515625
1658.0,1155.09619140625,4050.388427734375
1659.0,1868.2611083984375,2251.547119140625
1660.0,1015.1802978515625,2158.08544921875
1661.0,37904.140625,5869.8203125
1662.0,42582.50390625,2033.7911376953125
1663.0,2441.114013671875,4758.20068359375
1664.0,6842.13525390625,2310.973388671875
1665.0,1492.75634765625,10684.35546875
1666.0,6684.1103515625,10828.4541015625
1667.0,2887.26708984375,5828.03271484375
1668.0,5278.18408203125,2636.519287109375
1669.0,1572.3927001953125,1863.520751953125
1670.0,2389.757568359375,46604.76953125
1671.0,2887.205078125,2049.566650390625
1672.0,1131.526123046875,3351.200439453125
1673.0,1874.1595458984375,17180.408203125
1674.0,1523.3543701171875,2205.26806640625
1675.0,1249.13427734375,10828.4541015625
1676.0,1831.735107421875,18284.34765625
1677.0,2551.670654296875,4782.22607421875
1678.0,1236.1134033203125,2523.765380859375
1679.0,1710.1295166015625,2503.3798828125
1680.0,1100.6856689453125,1898.0799560546875
1681.0,1098.5184326171875,1934.5950927734375
1682.0,1151.962158203125,1857.452880859375
1683.0,2008.6441650390625,4130.4775390625
1684.0,1294.1072998046875,5244.02197265625
1685.0,42335.92578125,34265.64453125
1686.0,1346.3330078125,2685.99658203125
1687.0,1607.5438232421875,2611.149169921875
1688.0,1138.958984375,2323.637939453125
1689.0,1715.099609375,6844.81494140625
1690.0,1417.9510498046875,3192.033935546875
1691.0,1792.2850341796875,12391.9765625
1692.0,1694.14013671875,2425.067138671875
1693.0,3249.8427734375,1909.5843505859375
1694.0,1429.304443359375,25467.60546875
1695.0,1795.4072265625,4816.67724609375
1696.0,1072.447021484375,2412.6337890625
1697.0,1028.7747802734375,2317.477783203125
1698.0,1110.7735595703125,2165.611083984375
1699.0,1273.7806396484375,2200.72998046875
1700.0,37982.75390625,27221.119140625
1701.0,1195.73486328125,3317.575439453125
1702.0,2168.224365234375,1955.7762451171875
1703.0,1411.292724609375,2571.964599609375
1704.0,3176.264404296875,12480.76171875
1705.0,1012.8179931640625,52504.9921875
1706.0,7818.63134765625,2409.502197265625
1707.0,1202.3990478515625,35301.0
1708.0,1270.90087890625,2892.13037109375
1709.0,1739.8316650390625,57022.7890625
1710.0,1072.4085693359375,12929.1435546875
1711.0,1715.874267578125,2446.7822265625
1712.0,4596.48291015625,2410.200439453125
1713.0,34270.0,13816.96484375
1714.0,1288.132080078125,2413.819580078125
1715.0,1212.9837646484375,3532.41064453125
1716.0,1045.4915771484375,1939.179443359375
1717.0,1142.2822265625,2633.341552734375
1718.0,1784.1661376953125,2565.74267578125
1719.0,998.5936889648438,15574.681640625
1720.0,1000.2760009765625,3169.0869140625
1721.0,1840.149658203125,12349.72265625
1722.0,997.0001220703125,2996.86572265625
1723.0,19510.240234375,2447.305908203125
1724.0,1270.0257568359375,3887.02783203125
1725.0,1099.8665771484375,3453.271484375
1726.0,1030.60205078125,1857.3450927734375
1727.0,1868.2611083984375,3723.49267578125
1728.0,1860.848876953125,2002.7432861328125
1729.0,1609.5010986328125,1890.63623046875
1730.0,1160.536376953125,6448.35888671875
1731.0,1120.8792724609375,2255.84912109375
1732.0,1185.472412109375,2352.006103515625
1733.0,2100.62451171875,2159.6767578125
1734.0,1908.1163330078125,16556.986328125
1735.0,1450.61865234375,2853.218017578125
1736.0,1215.1893310546875,2131.313720703125
1737.0,1079.0904541015625,20533.572265625
1738.0,1091.66796875,2665.729248046875
1739.0,1037.1065673828125,2212.80419921875
1740.0,1159.2857666015625,2253.831787109375
1741.0,42063.31640625,2516.367919921875
1742.0,1328.5400390625,2481.7060546875
1743.0,1115.2528076171875,3465.083740234375
1744.0,1076.447265625,1881.35986328125
1745.0,1386.865234375,2859.855712890625
1746.0,42573.36328125,2643.5625
1747.0,1935.8936767578125,2436.23779296875
1748.0,1184.6446533203125,2218.18408203125
1749.0,13617.1318359375,1905.4210205078125
1750.0,1064.251220703125,1862.950927734375
1751.0,5658.03173828125,66494.0390625
1752.0,42582.53515625,1991.3211669921875
1753.0,1709.5618896484375,2487.738037109375
1754.0,1231.4774169921875,2040.0386962890625
1755.0,1109.58203125,3292.513427734375
1756.0,1167.0054931640625,3542.051513671875
1757.0,2675.875244140625,13128.748046875
1758.0,1218.78759765625,2334.793212890625
1759.0,1214.49462890625,3620.3076171875
1760.0,1922.553466796875,32080.30078125
1761.0,2105.6123046875,2941.192138671875
1762.0,1339.068603515625,3255.926513671875
1763.0,1067.17529296875,3549.654296875
1764.0,4653.986328125,3058.08349609375
1765.0,1178.713623046875,2295.937255859375
1766.0,1213.1168212890625,9684.5751953125
1767.0,1453.3653564453125,3364.91748046875
1768.0,1367.9990234375,2470.673828125
1769.0,1792.7166748046875,3141.365478515625
1770.0,1446.3966064453125,2600.804931640625
1771.0,1668.745849609375,1897.807861328125
1772.0,1814.9356689453125,8767.0517578125
1773.0,997.8072509765625,2856.955078125
1774.0,1272.7103271484375,6063.1201171875
1775.0,1888.916015625,1959.682861328125
1776.0,4692.6083984375,3519.17626953125
1777.0,1155.0489501953125,3059.069091796875
1778.0,1460.57958984375,1871.688232421875
1779.0,1729.170166015625,5471.603515625
1780.0,1053.33544921875,3527.949462890625
1781.0,1230.554931640625,2938.1015625
1782.0,1393.9373779296875,66829.5703125
1783.0,1921.7906494140625,4648.3525390625
1784.0,1878.56494140625,13398.51171875
1785.0,1264.8043212890625,2913.732421875
1786.0,1065.315673828125,2837.894287109375
1787.0,1466.865234375,4524.4228515625
1788.0,1190.297607421875,28587.1640625
1789.0,1292.34228515625,2061.55859375
1790.0,1697.8714599609375,2494.61181640625
1791.0,1194.44580078125,3136.863525390625
1792.0,37858.16796875,1911.216796875
1793.0,1037.872314453125,1867.9715576171875
1794.0,1103.813720703125,60247.7734375
1795.0,3152.407470703125,5956.25927734375
1796.0,1177.5191650390625,3178.789306640625
1797.0,1464.4822998046875,2398.4599609375
1798.0,1514.330810546875,1864.9376220703125
1799.0,12720.228515625,22522.921875
1800.0,1359.019775390625,2889.153076171875
1801.0,1451.278076171875,2739.1806640625
1802.0,1184.3756103515625,1898.726806640625
1803.0,1048.1524658203125,2214.108154296875
1804.0,1282.127197265625,4647.78759765625
1805.0,1175.2100830078125,2003.554443359375
1806.0,1431.178955078125,1931.9154052734375
1807.0,1510.422119140625,3561.06103515625
1808.0,1316.0780029296875,1918.7322998046875
1809.0,25375.6953125,5869.8203125
1810.0,1933.383544921875,2864.835205078125
1811.0,1269.39892578125,4785.3212890625
1812.0,1060.41357421875,3558.08349609375
1813.0,1229.7064208984375,2217.0546875
1814.0,1227.1341552734375,34197.38671875
1815.0,1294.1072998046875,7094.5732421875
1816.0,10864.31640625,5804.50048828125
1817.0,1199.21484375,1915.22607421875
1818.0,1058.48291015625,1858.8543701171875
1819.0,3690.81591796875,2359.983642578125
1820.0,1565.9354248046875,1853.525634765625
1821.0,999.29150390625,2884.4609375
1822.0,1107.1990966796875,2141.077880859375
1823.0,1895.0924072265625,3422.65478515625
1824.0,1027.201904296875,2959.934814453125
1825.0,1017.2529296875,2252.96923828125
1826.0,1062.0870361328125,2341.456787109375
1827.0,1072.4085693359375,54939.359375
1828.0,1900.4320068359375,2992.322509765625
1829.0,15123.74609375,29591.185546875
1830.0,2802.835205078125,2253.133544921875
1831.0,1137.7408447265625,2090.2041015625
1832.0,1391.6016845703125,1975.6072998046875
1833.0,1952.4891357421875,3574.639404296875
1834.0,1277.1275634765625,9962.4970703125
1835.0,1847.3519287109375,2280.823974609375
1836.0,2911.413818359375,40761.70703125
1837.0,1109.605712890625,2067.621337890625
1838.0,2292.0771484375,2251.624267578125
1839.0,2087.55322265625,3288.534912109375
1840.0,1006.7776489257812,3189.282470703125
1841.0,1017.9447631835938,2228.810546875
1842.0,1080.36181640625,58092.34765625
1843.0,1053.7847900390625,18621.212890625
1844.0,1489.486328125,3914.25634765625
1845.0,1027.787353515625,2376.15966796875
1846.0,1767.6800537109375,2327.71923828125
1847.0,1360.91796875,1998.076904296875
1848.0,37253.15625,1879.794189453125
1849.0,6170.89208984375,2004.2012939453125
1850.0,1614.707763671875,1987.0089111328125
1851.0,1053.7847900390625,2666.90478515625
1852.0,1716.2734375,1871.1595458984375
1853.0,2434.53564453125,58966.9296875
1854.0,1048.273681640625,1985.1094970703125
1855.0,7237.07421875,2050.023681640625
1856.0,1001.7247924804688,1929.80029296875
1857.0,1617.7235107421875,5759.95166015625
1858.0,1205.524169921875,2068.6123046875
1859.0,1755.871337890625,2980.130126953125
1860.0,1295.9759521484375,66635.9765625
1861.0,5664.048828125,1884.37841796875
1862.0,1032.988037109375,1966.6953125
1863.0,1823.56591796875,3740.084228515625
1864.0,42536.828125,1886.401123046875
1865.0,1097.61669921875,3540.454833984375
1866.0,1242.245361328125,2204.12841796875
1867.0,1418.6103515625,66826.109375
1868.0,1614.4210205078125,2024.5045166015625
1869.0,1342.3623046875,20966.697265625
1870.0,1478.5439453125,3370.230712890625
1871.0,1237.1806640625,2391.85302734375
1872.0,1010.9168701171875,2035.711181640625
1873.0,1043.3509521484375,2962.783935546875
1874.0,1173.8233642578125,4221.15673828125
1875.0,1165.70751953125,5412.61376953125
1876.0,1194.0584716796875,3444.272216796875
1877.0,1792.2347412109375,2613.587646484375
1878.0,1007.0821533203125,14514.8701171875
1879.0,37039.9921875,1883.9677734375
1880.0,1493.1199951171875,10643.779296875
1881.0,1166.224853515625,2404.73828125
1882.0,1692.2952880859375,3042.652099609375
1883.0,4675.2177734375,3317.842529296875
1884.0,1272.5447998046875,2350.404541015625
1885.0,1378.9326171875,2724.529541015625
1886.0,1236.1251220703125,1952.9322509765625
1887.0,1771.6241455078125,12954.17578125
1888.0,1057.0164794921875,1935.65771484375
1889.0,1007.5818481445312,2830.63525390625
1890.0,1292.4693603515625,3448.80517578125
1891.0,1152.84033203125,2038.2625732421875
1892.0,1145.0850830078125,2341.318115234375
1893.0,35084.375,3562.93994140625
1894.0,1201.6392822265625,1897.8541259765625
1895.0,3474.453857421875,65768.75
1896.0,1298.8734130859375,2105.32763671875
1897.0,1831.3182373046875,2561.1943359375
1898.0,1076.82568359375,31446.21484375
1899.0,1411.987548828125,1954.8521728515625
1900.0,1001.0477294921875,12990.880859375
1901.0,1164.1641845703125,2473.096923828125
1902.0,1184.04736328125,3790.670654296875
1903.0,1303.580322265625,3561.15869140625
1904.0,1668.745849609375,1921.8125
1905.0,1362.26318359375,2046.527587890625
1906.0,1006.8929443359375,3387.253662109375
1907.0,1061.513427734375,2131.93994140625
1908.0,1073.0028076171875,2419.877197265625
1909.0,1321.4234619140625,3533.86328125
1910.0,19796.35546875,1852.5400390625
1911.0,1178.630859375,2074.7314453125
1912.0,41521.94921875,3537.08203125
1913.0,1018.3497924804688,2869.2294921875
1914.0,1322.1448974609375,2174.8515625
1915.0,1421.7119140625,1966.6953125
1916.0,36560.5546875,2309.181884765625
1917.0,1080.36181640625,66831.0234375
1918.0,1204.4805908203125,1942.8961181640625
1919.0,1777.4190673828125,3761.676025390625
1920.0,16268.3134765625,1934.1844482421875
1921.0,1112.3848876953125,66831.0234375
1922.0,1345.5198974609375,2406.10888671875
1923.0,1373.7969970703125,3028.03662109375
1924.0,1286.263427734375,3295.383056640625
1925.0,39658.3359375,2340.404296875
1926.0,2334.51025390625,3568.484130859375
1927.0,1454.4031982421875,2077.595947265625
1928.0,1234.87744140625,3049.24365234375
1929.0,1232.02734375,2742.7587890625
1930.0,1109.7772216796875,2529.052978515625
1931.0,2057.91015625,1904.7176513671875
1932.0,1182.2054443359375,3082.036865234375
1933.0,1726.541748046875,2256.783447265625
1934.0,5859.5341796875,10257.0361328125
1935.0,35958.28515625,2558.06787109375
1936.0,5297.47265625,2449.867431640625
1937.0,1445.707763671875,2131.31884765625
1938.0,1460.233642578125,3569.1669921875
1939.0,1652.7298583984375,1878.4132080078125
1940.0,1007.5552368164062,25388.884765625
1941.0,1152.973388671875,4930.89453125
1942.0,34988.28515625,2250.207275390625
1943.0,2586.990478515625,32741.89453125
1944.0,1318.1475830078125,2005.7823486328125
1945.0,1197.1422119140625,1865.96435546875
1946.0,2055.677978515625,2084.73681640625
1947.0,8504.11328125,2560.896484375
1948.0,2573.694580078125,3319.81884765625
1949.0,1243.3275146484375,4997.35888671875
1950.0,1192.8284912109375,1956.98779296875
1951.0,1194.0584716796875,66769.375
1952.0,1166.46435546875,2303.966064453125
1953.0,1398.103271484375,3744.46826171875
1954.0,28863.04296875,2123.875244140625
1955.0,1148.2515869140625,66831.0234375
1956.0,1024.8248291015625,4683.55322265625
1957.0,1041.677490234375,2409.36865234375
1958.0,1045.7664794921875,2428.17822265625
1959.0,1756.923828125,2257.94873046875
1960.0,1150.9598388671875,8869.8564453125
1961.0,1930.2169189453125,1929.80029296875
1962.0,1241.73095703125,25118.9453125
1963.0,1002.29833984375,2408.311279296875
1964.0,2833.3828125,3162.23876953125
1965.0,40613.28515625,3165.93994140625
1966.0,1008.8442993164062,1942.8961181640625
1967.0,1568.436767578125,4922.6396484375
1968.0,3170.481201171875,1920.8011474609375
1969.0,1448.03466796875,66800.2578125
1970.0,1813.59033203125,1935.5550537109375
1971.0,1298.3382568359375,2280.823974609375
1972.0,1204.229248046875,3269.381591796875
1973.0,1015.6947631835938,2702.72705078125
1974.0,1504.3758544921875,3545.8349609375
1975.0,11848.1630859375,7791.2255859375
1976.0,1718.8338623046875,2147.807861328125
1977.0,2675.875244140625,3530.11083984375
1978.0,1253.1405029296875,1943.3375244140625
1979.0,1177.5191650390625,2245.7412109375
1980.0,1552.361572265625,2233.163818359375
1981.0,1607.2955322265625,2212.30615234375
1982.0,1068.7335205078125,43324.484375
1983.0,1829.73046875,66792.9140625
1984.0,9835.361328125,2468.533203125
1985.0,1718.5440673828125,1924.687255859375
1986.0,1066.0252685546875,3038.914794921875
1987.0,1174.3851318359375,2340.404296875
1988.0,1276.607177734375,58075.94140625
1989.0,1122.2275390625,2106.713623046875
1990.0,1395.2265625,59966.38671875
1991.0,9859.1748046875,56444.05078125
1992.0,1207.74169921875,2642.1611328125
1993.0,1045.6748046875,3010.58251953125
1994.0,1108.6478271484375,4500.736328125
1995.0,1313.7215576171875,2065.56298828125
1996.0,1895.4737548828125,3077.241943359375
1997.0,1647.0797119140625,2367.997314453125
1998.0,1583.6485595703125,2046.866455078125
1999.0,1338.40625,2246.962890625
2000.0,996.908447265625,6160.43212890625
2001.0,1807.2720947265625,2258.421142578125
2002.0,1930.5333251953125,1922.5208740234375
2003.0,1405.8466796875,2666.7353515625
2004.0,1076.1842041015625,3441.772216796875
2005.0,1913.1099853515625,1974.205810546875
2006.0,1066.0252685546875,43786.078125
2007.0,1004.0279541015625,2750.52587890625
2008.0,1712.5628662109375,2346.328369140625
2009.0,1519.4190673828125,1860.0196533203125
2010.0,1681.91162109375,3225.84375
2011.0,1872.9798583984375,2137.55615234375
2012.0,1104.37548828125,7619.8818359375
2013.0,1334.565673828125,2101.574951171875
2014.0,999.9685668945312,3257.338134765625
2015.0,1905.9844970703125,8139.57470703125
2016.0,1934.11669921875,4225.75146484375
2017.0,1448.03466796875,65655.1796875
2018.0,3847.711669921875,14549.6240234375
2019.0,1826.164794921875,1908.383056640625
2020.0,9558.755859375,3417.562255859375
2021.0,1320.0042724609375,3217.15771484375
2022.0,1023.5327758789062,1986.6597900390625
2023.0,1004.6666259765625,49252.125
2024.0,1859.8702392578125,2439.359130859375
