0,1,2,3,4
0.0,349.80517578125,405.6547546386719,375.5251159667969,482.9439392089844
1.0,350.173828125,402.6094055175781,368.6661376953125,477.2778625488281
2.0,349.9681396484375,403.9615173339844,362.2398376464844,478.341064453125
3.0,349.9399719238281,427.8714294433594,368.6661376953125,478.9134521484375
4.0,349.58892822265625,400.82843017578125,367.8708801269531,478.50726318359375
5.0,349.4601745605469,416.0785827636719,362.2398376464844,478.37841796875
6.0,349.2670593261719,401.5428771972656,363.9712219238281,478.1758117675781
7.0,352.3565368652344,412.5280456542969,363.9712219238281,478.5190734863281
8.0,349.8685607910156,411.7596435546875,390.06195068359375,477.31622314453125
9.0,352.3565368652344,504.5016174316406,364.5395202636719,477.3378601074219
10.0,350.05865478515625,416.8497314453125,363.4135437011719,477.7548828125
11.0,349.4476013183594,410.5089111328125,362.52337646484375,477.29949951171875
12.0,349.3057861328125,408.6608581542969,362.9490051269531,478.7079162597656
13.0,349.29119873046875,403.9615173339844,364.7010498046875,478.38726806640625
14.0,349.9862365722656,415.8218994140625,362.35125732421875,477.62603759765625
15.0,349.86602783203125,426.80926513671875,362.9490051269531,478.7796936035156
16.0,350.25128173828125,400.8229675292969,367.7718200683594,478.8318176269531
17.0,349.9339294433594,424.6544189453125,362.698486328125,477.29949951171875
18.0,349.7408142089844,416.8497314453125,368.6661376953125,478.9105224609375
19.0,349.9480285644531,409.7442932128906,365.0470886230469,478.5279235839844
20.0,349.99530029296875,399.8180236816406,373.5254821777344,477.2936096191406
21.0,349.5748291015625,408.7944030761719,362.25457763671875,477.8748474121094
22.0,349.7936096191406,399.8114929199219,372.1283264160156,478.4993896484375
23.0,350.7024230957031,409.3377380371094,362.2398376464844,477.2778625488281
24.0,352.3565368652344,404.64111328125,370.50128173828125,477.4952087402344
25.0,350.375,410.5089111328125,373.6068420410156,478.1296081542969
26.0,349.80517578125,410.4925537109375,373.2065734863281,478.4580993652344
27.0,350.25128173828125,400.79791259765625,370.1858825683594,477.3811340332031
28.0,349.2811279296875,404.64111328125,362.9490051269531,477.31622314453125
29.0,349.3525390625,431.228515625,374.5341491699219,477.6683349609375
30.0,350.165771484375,441.729736328125,362.25457763671875,477.40081787109375
31.0,349.2670593261719,428.27362060546875,365.5304870605469,478.2918701171875
32.0,350.3956298828125,400.79791259765625,389.41290283203125,477.4863586425781
33.0,350.18035888671875,399.8114929199219,363.2702941894531,477.3103332519531
34.0,349.9379577636719,419.90325927734375,374.0660705566406,477.6683349609375
35.0,349.65380859375,404.8182067871094,369.9571533203125,477.3378601074219
36.0,349.6427307128906,415.8290100097656,362.8263854980469,478.64495849609375
37.0,350.3583984375,413.9460754394531,363.602783203125,478.3548278808594
38.0,349.9128112792969,400.79791259765625,373.97705078125,478.31744384765625
39.0,350.2578125,399.4490661621094,368.6460876464844,477.3103332519531
40.0,349.2690734863281,403.0726318359375,363.38232421875,478.6498718261719
41.0,349.4652099609375,410.48602294921875,372.1283264160156,477.26605224609375
42.0,349.95806884765625,402.1358337402344,374.5341491699219,477.309326171875
43.0,349.31280517578125,418.99041748046875,365.5912170410156,477.6683349609375
44.0,349.9097900390625,404.64111328125,367.708740234375,477.7243957519531
45.0,349.86602783203125,400.82843017578125,365.1355285644531,478.5013732910156
46.0,349.2811279296875,410.9432373046875,369.5834045410156,477.56011962890625
47.0,350.1833801269531,403.7130126953125,364.20172119140625,478.5210266113281
48.0,349.9967956542969,503.1931457519531,363.15240478515625,478.8800354003906
49.0,349.6427307128906,410.9432373046875,364.16107177734375,478.7796936035156
50.0,349.9349365234375,399.52374267578125,371.9544372558594,477.55126953125
51.0,349.2811279296875,415.5188903808594,370.50128173828125,479.0147705078125
52.0,349.6985778808594,400.79791259765625,378.2392272949219,478.5466003417969
53.0,349.29571533203125,414.4545593261719,390.06195068359375,477.26409912109375
54.0,349.3802185058594,406.1795654296875,372.5710754394531,477.6673278808594
55.0,349.981201171875,409.30230712890625,366.7808532714844,478.7796936035156
56.0,350.7909240722656,410.4925537109375,367.34326171875,478.9085388183594
57.0,349.9756774902344,400.79791259765625,374.0749206542969,477.3034362792969
58.0,352.3565368652344,401.109619140625,366.56805419921875,477.2778625488281
59.0,350.05865478515625,412.9367980957031,367.5719909667969,478.4580993652344
60.0,349.6004943847656,413.9460754394531,370.6038513183594,478.8898620605469
61.0,349.31280517578125,403.0726318359375,364.20172119140625,478.4993896484375
62.0,349.65380859375,414.4545593261719,372.07293701171875,478.4679260253906
63.0,349.9822082519531,403.76422119140625,362.698486328125,477.3378601074219
64.0,349.58892822265625,400.5237731933594,371.91375732421875,477.61029052734375
65.0,352.3565368652344,409.30230712890625,362.698486328125,479.3599853515625
66.0,350.2578125,412.8790283203125,364.7010498046875,478.5888977050781
67.0,349.58892822265625,415.30255126953125,364.5395202636719,477.3103332519531
68.0,350.1617736816406,408.43634033203125,369.8598937988281,477.3732604980469
69.0,349.9988098144531,400.5237731933594,374.0660705566406,477.3034362792969
70.0,351.1806945800781,402.4568176269531,369.5834045410156,478.548583984375
71.0,349.35406494140625,410.9432373046875,363.9712219238281,477.3250732421875
72.0,350.375,463.9316711425781,374.85601806640625,478.4679260253906
73.0,350.2040100097656,400.5237731933594,370.6038513183594,478.5692443847656
74.0,349.6568298339844,400.82843017578125,375.7703552246094,482.9439392089844
75.0,349.5245361328125,415.8279113769531,363.38232421875,478.5279235839844
76.0,349.4873352050781,403.7898254394531,388.10003662109375,478.6321716308594
77.0,350.15924072265625,412.93841552734375,376.31683349609375,480.9001770019531
78.0,349.4822998046875,407.3676452636719,363.9712219238281,478.481689453125
79.0,349.2710876464844,415.0371398925781,363.602783203125,477.3378601074219
80.0,349.31280517578125,401.109619140625,363.7472229003906,479.09246826171875
81.0,350.05865478515625,404.64111328125,374.0749206542969,477.26605224609375
82.0,349.31884765625,412.34002685546875,384.41558837890625,478.7049560546875
83.0,349.9922790527344,408.1316833496094,374.626708984375,477.3732604980469
84.0,350.2578125,400.79791259765625,369.8404235839844,477.2936096191406
85.0,349.2992248535156,407.8711853027344,364.5395202636719,478.6056213378906
86.0,349.4958801269531,399.4490661621094,379.713623046875,477.93585205078125
87.0,349.35406494140625,402.4568176269531,373.4441223144531,477.3378601074219
88.0,349.5748291015625,416.5794372558594,375.835205078125,477.3231201171875
89.0,350.5148010253906,401.4377136230469,363.602783203125,478.53973388671875
90.0,350.3121337890625,401.4377136230469,370.2401123046875,478.6656188964844
91.0,349.2710876464844,409.7442932128906,362.698486328125,478.47186279296875
92.0,349.7267150878906,402.681884765625,371.94793701171875,477.5178527832031
93.0,349.4873352050781,403.9615173339844,372.9171142578125,477.61029052734375
94.0,349.4601745605469,419.0977783203125,371.3790588378906,477.3231201171875
95.0,350.34381103515625,401.109619140625,422.726318359375,478.5210266113281
96.0,349.9444885253906,410.9432373046875,375.47265625,478.9242858886719
97.0,349.3349609375,409.30230712890625,362.698486328125,477.3378601074219
98.0,349.83184814453125,408.6532287597656,379.343994140625,477.8748474121094
99.0,349.8584899902344,401.109619140625,368.3749084472656,478.5377502441406
100.0,350.5329284667969,416.4164733886719,364.20172119140625,478.7236328125
101.0,350.1864013671875,430.0099182128906,366.6753234863281,478.4993896484375
102.0,349.9988098144531,400.79791259765625,365.5304870605469,478.3017272949219
103.0,349.4038391113281,399.8114929199219,378.404296875,478.4993896484375
104.0,349.309814453125,402.4568176269531,364.5395202636719,477.26409912109375
105.0,349.29119873046875,405.650390625,364.583740234375,478.3951416015625
106.0,350.0526123046875,409.3470153808594,381.2439880371094,477.31622314453125
107.0,349.92034912109375,409.30230712890625,374.78350830078125,477.3103332519531
108.0,349.309814453125,399.4490661621094,363.602783203125,477.31622314453125
109.0,350.953369140625,415.156494140625,362.25457763671875,479.3599853515625
110.0,350.0657043457031,412.32696533203125,371.9361572265625,477.8748474121094
111.0,350.71197509765625,400.79791259765625,372.5085754394531,478.9173889160156
112.0,349.80718994140625,404.64111328125,372.1112365722656,478.7079162597656
113.0,349.6427307128906,417.51788330078125,364.5071105957031,477.3231201171875
114.0,350.2578125,412.6021728515625,368.3749084472656,477.26409912109375
115.0,349.3802185058594,416.4164733886719,362.2398376464844,478.9173889160156
116.0,349.29571533203125,400.5237731933594,362.35125732421875,478.5210266113281
117.0,349.9339294433594,409.30230712890625,362.18206787109375,479.97369384765625
118.0,350.05865478515625,401.4377136230469,366.6753234863281,477.4863586425781
119.0,349.97015380859375,410.5089111328125,386.5042419433594,477.3811340332031
120.0,350.0113830566406,423.4423828125,367.5719909667969,479.66094970703125
121.0,349.9349365234375,403.7898254394531,366.8604431152344,478.31744384765625
122.0,351.09771728515625,399.8180236816406,375.835205078125,478.5210266113281
123.0,351.8973693847656,414.4921569824219,366.7808532714844,477.61029052734375
124.0,350.15924072265625,399.4490661621094,368.251708984375,477.3732604980469
125.0,349.4476013183594,400.5537414550781,372.73907470703125,478.4580993652344
126.0,349.29119873046875,400.79791259765625,371.3790588378906,477.3103332519531
127.0,350.2578125,399.8114929199219,368.20452880859375,477.29949951171875
128.0,350.7909240722656,400.5237731933594,376.1228942871094,477.3486633300781
129.0,349.4652099609375,410.8658752441406,373.52960205078125,478.5849609375
130.0,349.29119873046875,402.681884765625,363.7472229003906,478.47186279296875
131.0,349.8962097167969,418.02471923828125,378.4385070800781,479.3599853515625
132.0,349.9756774902344,401.109619140625,371.94793701171875,479.09246826171875
133.0,349.58892822265625,416.9843444824219,371.2823791503906,477.31622314453125
134.0,349.99530029296875,409.7442932128906,377.2417907714844,477.309326171875
135.0,349.9349365234375,410.03912353515625,367.4352111816406,477.6673278808594
136.0,349.9349365234375,401.5428771972656,369.2727355957031,478.4679260253906
137.0,349.31884765625,410.904541015625,379.343994140625,478.4630126953125
138.0,350.375,399.4490661621094,362.35125732421875,477.3231201171875
139.0,349.80517578125,411.9443664550781,369.5834045410156,477.41851806640625
140.0,349.9822082519531,405.650390625,370.9239501953125,477.2936096191406
141.0,349.2992248535156,400.79791259765625,363.9712219238281,478.4571228027344
142.0,350.25128173828125,403.0726318359375,362.35125732421875,478.341064453125
143.0,349.80718994140625,434.5425109863281,365.5304870605469,478.4502258300781
144.0,349.9988098144531,400.5237731933594,363.7472229003906,478.42071533203125
145.0,349.3525390625,425.965087890625,362.18206787109375,478.66168212890625
146.0,349.5748291015625,420.624267578125,362.30584716796875,478.1296081542969
147.0,349.4038391113281,400.5237731933594,363.5332336425781,477.69586181640625
148.0,352.3565368652344,409.74755859375,379.25201416015625,477.26409912109375
149.0,349.9967956542969,432.8100280761719,363.7472229003906,477.3103332519531
150.0,349.3349609375,412.6806335449219,362.9490051269531,479.66094970703125
151.0,350.2578125,403.9615173339844,362.35125732421875,477.2936096191406
152.0,349.712646484375,407.3676452636719,388.9371643066406,478.51416015625
153.0,349.83184814453125,412.6806335449219,366.1406555175781,477.45489501953125
154.0,350.2578125,424.16229248046875,362.25457763671875,479.3471984863281
155.0,349.31280517578125,401.5428771972656,373.4441223144531,478.5210266113281
156.0,349.29119873046875,403.76422119140625,362.8263854980469,477.55126953125
157.0,349.4601745605469,410.8658752441406,363.15240478515625,478.47186279296875
158.0,349.29571533203125,423.3404541015625,362.698486328125,477.5178527832031
159.0,349.97418212890625,400.5537414550781,362.35125732421875,478.2850036621094
160.0,350.4112243652344,421.23956298828125,369.2727355957031,478.8751220703125
161.0,349.4601745605469,416.545654296875,371.94793701171875,478.4580993652344
162.0,353.082763671875,407.3676452636719,368.6661376953125,477.6683349609375
163.0,349.94952392578125,421.1005859375,379.0091552734375,477.2936096191406
164.0,349.9128112792969,402.681884765625,374.6379089355469,477.3486633300781
165.0,349.4652099609375,400.5237731933594,373.2065734863281,478.90362548828125
166.0,349.2776184082031,410.8631286621094,363.7472229003906,477.3034362792969
167.0,350.0657043457031,410.1116027832031,366.6753234863281,478.5466003417969
168.0,349.5748291015625,431.1571044921875,366.6753234863281,477.26409912109375
169.0,350.953369140625,399.52374267578125,377.3213806152344,477.8748474121094
170.0,349.3525390625,402.1358337402344,362.2398376464844,478.6715087890625
171.0,349.2690734863281,411.61358642578125,371.91375732421875,477.62603759765625
172.0,349.2670593261719,399.4490661621094,375.917724609375,477.45489501953125
173.0,349.9379577636719,400.8229675292969,363.9712219238281,478.5210266113281
174.0,350.1833801269531,416.9843444824219,375.0823974609375,478.48760986328125
175.0,349.31884765625,428.6087951660156,364.5395202636719,480.0494384765625
176.0,349.3007507324219,412.8724670410156,363.602783203125,482.9439392089844
177.0,349.4139099121094,400.79791259765625,362.5357666015625,478.48760986328125
178.0,349.9520263671875,416.9233093261719,367.0172424316406,477.29949951171875
179.0,349.9349365234375,413.293212890625,367.4352111816406,479.76422119140625
180.0,350.8030090332031,413.9460754394531,362.30584716796875,478.47186279296875
181.0,349.7408142089844,417.04156494140625,362.18206787109375,477.3034362792969
182.0,349.41290283203125,412.6021728515625,366.7808532714844,477.7971496582031
183.0,349.3802185058594,399.69049072265625,363.38232421875,478.1296081542969
184.0,349.4309997558594,426.9187927246094,369.8080139160156,478.9449462890625
185.0,349.4822998046875,400.8229675292969,376.1228942871094,477.3103332519531
186.0,350.25933837890625,419.58062744140625,364.20172119140625,478.8652648925781
187.0,350.07476806640625,412.5280456542969,399.7441101074219,477.2936096191406
188.0,349.9988098144531,399.4490661621094,362.9490051269531,478.9173889160156
189.0,349.3057861328125,400.9913635253906,369.80035400390625,479.09246826171875
190.0,350.7592468261719,400.5537414550781,362.8263854980469,478.64495849609375
191.0,349.83184814453125,414.9701232910156,372.5085754394531,477.6683349609375
192.0,358.66778564453125,402.4568176269531,362.5357666015625,478.8554382324219
193.0,349.2710876464844,422.4701232910156,379.713623046875,478.2918701171875
194.0,349.9922790527344,406.1686706542969,369.9571533203125,478.5210266113281
195.0,349.2992248535156,404.50701904296875,367.5719909667969,478.481689453125
196.0,349.32891845703125,409.30230712890625,362.698486328125,478.7049560546875
197.0,350.05865478515625,412.6021728515625,366.9635925292969,477.3034362792969
198.0,349.2710876464844,418.6192932128906,379.64996337890625,478.66168212890625
199.0,349.2992248535156,406.1686706542969,371.6643981933594,482.5377502441406
200.0,350.0088806152344,401.6268005371094,376.31683349609375,478.5888977050781
201.0,349.97418212890625,408.1316833496094,362.25457763671875,477.40179443359375
202.0,350.2185974121094,417.4176025390625,372.795654296875,477.3811340332031
203.0,349.4652099609375,404.21875,366.87872314453125,477.40081787109375
204.0,349.9756774902344,433.465087890625,363.38232421875,478.5210266113281
205.0,349.9988098144531,400.82843017578125,373.2684631347656,479.2429504394531
206.0,349.9550476074219,402.1358337402344,362.25457763671875,477.3811340332031
207.0,349.2710876464844,405.6547546386719,363.2702941894531,478.6380920410156
208.0,349.53460693359375,401.4377136230469,400.80877685546875,478.9124755859375
209.0,350.0893249511719,403.76422119140625,367.0172424316406,479.2429504394531
210.0,349.29119873046875,418.02471923828125,362.35125732421875,477.3231201171875
211.0,349.2670593261719,399.52374267578125,371.4840087890625,477.2936096191406
212.0,349.7267150878906,406.1686706542969,363.5332336425781,477.2936096191406
213.0,349.95806884765625,410.8631286621094,1309.9896240234375,477.3231201171875
214.0,350.2040100097656,420.3594055175781,363.15240478515625,477.61029052734375
215.0,352.3565368652344,401.4377136230469,373.2684631347656,482.9439392089844
216.0,350.2578125,407.3676452636719,374.0383605957031,479.09246826171875
217.0,349.2675476074219,403.9615173339844,369.9571533203125,478.88592529296875
218.0,349.309814453125,416.5794372558594,368.6661376953125,478.9606628417969
219.0,349.4822998046875,408.1316833496094,366.7808532714844,478.5692443847656
220.0,349.964111328125,427.6708679199219,375.42254638671875,477.40081787109375
221.0,349.628662109375,399.4490661621094,365.5304870605469,477.3250732421875
222.0,349.2992248535156,410.03912353515625,367.4352111816406,478.64495849609375
223.0,349.4822998046875,411.32965087890625,362.698486328125,478.53973388671875
224.0,351.09771728515625,436.8238220214844,363.38232421875,480.6552734375
225.0,349.29119873046875,406.1686706542969,363.38232421875,477.2936096191406
226.0,349.7408142089844,407.6330261230469,363.8539123535156,478.50726318359375
227.0,349.309814453125,410.4925537109375,364.5395202636719,477.3231201171875
228.0,350.24072265625,415.06549072265625,362.8263854980469,479.09246826171875
229.0,350.82159423828125,414.4545593261719,368.251708984375,478.65478515625
230.0,349.3057861328125,399.69049072265625,367.5719909667969,477.4863586425781
231.0,349.4601745605469,414.5853576660156,372.07293701171875,479.33441162109375
232.0,349.997802734375,400.79791259765625,367.9186096191406,478.4600524902344
233.0,350.0088806152344,399.8114929199219,371.3790588378906,478.1531982421875
234.0,351.1806945800781,415.2306213378906,366.6753234863281,478.6577453613281
235.0,349.2992248535156,411.9639892578125,372.9524841308594,482.9439392089844
236.0,349.9399719238281,415.06549072265625,368.251708984375,477.26409912109375
237.0,350.1396179199219,435.9540100097656,368.251708984375,478.5692443847656
238.0,349.31280517578125,414.50250244140625,363.9712219238281,477.5178527832031
239.0,349.31884765625,404.21875,362.35125732421875,478.5210266113281
240.0,349.2710876464844,404.50701904296875,363.7472229003906,478.74822998046875
241.0,349.3057861328125,400.79791259765625,367.7341003417969,479.09246826171875
242.0,349.2670593261719,400.82843017578125,364.4204406738281,478.8987121582031
243.0,349.2670593261719,400.5237731933594,370.1858825683594,477.29949951171875
244.0,349.4822998046875,431.409423828125,364.5395202636719,478.6321716308594
245.0,349.4038391113281,401.4377136230469,367.7341003417969,477.2936096191406
246.0,349.31884765625,415.156494140625,362.9490051269531,477.6683349609375
247.0,349.9550476074219,418.99041748046875,362.9490051269531,478.53973388671875
248.0,349.81976318359375,403.7130126953125,364.5395202636719,477.40179443359375
249.0,349.3525390625,438.28546142578125,372.357666015625,478.6705322265625
250.0,349.9988098144531,399.8114929199219,368.25286865234375,477.6673278808594
251.0,349.29119873046875,399.52374267578125,363.9712219238281,477.61029052734375
252.0,349.2710876464844,400.5537414550781,363.602783203125,477.2778625488281
253.0,349.81976318359375,403.9615173339844,363.7472229003906,478.8800354003906
254.0,349.3802185058594,414.3155822753906,362.30584716796875,478.1296081542969
255.0,350.15924072265625,417.2939147949219,370.6038513183594,477.2936096191406
256.0,349.3802185058594,404.64111328125,362.2398376464844,477.309326171875
257.0,349.964111328125,401.6268005371094,376.57623291015625,477.61029052734375
258.0,349.3349609375,400.5237731933594,372.5716552734375,477.3811340332031
259.0,349.628662109375,419.0977783203125,363.9712219238281,479.2567138671875
260.0,349.81976318359375,412.6021728515625,377.80712890625,477.26312255859375
261.0,349.9374694824219,759.7474365234375,374.0749206542969,477.4863586425781
262.0,349.93646240234375,438.28546142578125,368.20452880859375,478.6705322265625
263.0,349.9349365234375,399.8180236816406,371.4840087890625,478.6567687988281
264.0,349.31884765625,399.4490661621094,369.9571533203125,478.4571228027344
265.0,349.8816223144531,400.82843017578125,372.1283264160156,477.45294189453125
266.0,349.9988098144531,406.1795654296875,363.38232421875,477.45489501953125
267.0,349.2710876464844,421.23956298828125,368.6460876464844,478.55841064453125
268.0,350.1914367675781,416.0785827636719,362.18206787109375,477.2778625488281
269.0,349.9012451171875,400.79791259765625,368.3749084472656,488.5913391113281
270.0,349.31280517578125,406.1686706542969,375.0823974609375,478.9813232421875
271.0,349.4601745605469,399.4490661621094,366.1406555175781,478.8751220703125
272.0,349.4873352050781,412.6217956542969,372.6583251953125,478.5190734863281
273.0,349.86602783203125,400.8229675292969,371.3790588378906,477.26409912109375
274.0,349.80517578125,406.1686706542969,379.343994140625,478.5279235839844
275.0,350.82159423828125,415.2196960449219,375.0823974609375,479.0364074707031
276.0,350.0893249511719,401.5428771972656,375.42254638671875,477.26409912109375
277.0,349.2776184082031,403.9615173339844,375.917724609375,478.5210266113281
278.0,349.29119873046875,404.64111328125,366.6706237792969,477.2778625488281
279.0,349.2992248535156,400.5237731933594,367.850830078125,478.64495849609375
280.0,349.8962097167969,399.8114929199219,372.73907470703125,477.3732604980469
281.0,349.9128112792969,410.4925537109375,369.31341552734375,477.3732604980469
282.0,350.05865478515625,416.0785827636719,363.7472229003906,478.550537109375
283.0,350.05865478515625,400.82843017578125,382.99249267578125,477.40179443359375
284.0,349.4476013183594,403.0726318359375,369.80035400390625,478.7079162597656
285.0,349.37115478515625,403.0726318359375,374.85601806640625,482.9439392089844
286.0,349.2992248535156,404.21875,362.8263854980469,477.3378601074219
287.0,349.5748291015625,402.4568176269531,368.251708984375,477.9082946777344
288.0,349.4822998046875,402.681884765625,362.52337646484375,477.309326171875
289.0,349.8962097167969,404.21875,367.4352111816406,477.3378601074219
290.0,349.2710876464844,404.64111328125,362.9490051269531,477.3103332519531
291.0,349.9349365234375,400.82843017578125,367.0172424316406,477.3732604980469
292.0,349.29119873046875,410.8658752441406,367.4352111816406,477.31622314453125
293.0,350.17132568359375,411.32965087890625,368.9933166503906,477.3732604980469
294.0,349.9550476074219,427.8714294433594,375.0823974609375,479.2695007324219
295.0,350.05865478515625,416.545654296875,363.4135437011719,478.50726318359375
296.0,349.95806884765625,400.82843017578125,363.9712219238281,505.9456481933594
297.0,349.65380859375,404.21875,374.0660705566406,478.47186279296875
298.0,349.2690734863281,412.2969665527344,363.8539123535156,477.29949951171875
299.0,349.65380859375,423.5753479003906,363.7472229003906,478.8554382324219
300.0,350.20703125,401.5428771972656,367.7341003417969,477.3103332519531
301.0,350.232666015625,399.69049072265625,363.42474365234375,478.3656311035156
302.0,349.7538757324219,414.50250244140625,363.2702941894531,478.52398681640625
303.0,349.9434814453125,416.36962890625,371.94793701171875,478.411865234375
304.0,349.4822998046875,410.4925537109375,375.47442626953125,477.3378601074219
305.0,350.25128173828125,409.74755859375,376.34100341796875,477.4952087402344
306.0,349.31280517578125,408.43634033203125,362.25457763671875,477.26409912109375
307.0,349.2992248535156,412.8724670410156,363.38232421875,478.60955810546875
308.0,349.6427307128906,401.4377136230469,362.2398376464844,477.56011962890625
309.0,349.80718994140625,401.09381103515625,362.25457763671875,477.26605224609375
310.0,349.9349365234375,399.69049072265625,370.6038513183594,477.8748474121094
311.0,349.3057861328125,409.7442932128906,367.708740234375,477.5886535644531
312.0,349.7267150878906,421.1005859375,368.6661376953125,478.9449462890625
313.0,350.2578125,416.79852294921875,371.40264892578125,478.6577453613281
314.0,349.3681335449219,731.7294921875,363.38232421875,477.5886535644531
315.0,349.9595947265625,423.3404541015625,362.9490051269531,478.5210266113281
316.0,349.3525390625,399.8180236816406,362.52337646484375,477.31622314453125
317.0,349.2710876464844,401.09381103515625,362.8263854980469,477.40081787109375
318.0,349.89068603515625,420.3594055175781,374.7398986816406,477.40081787109375
319.0,350.1436462402344,404.50701904296875,363.8539123535156,477.3585205078125
320.0,349.9339294433594,401.11236572265625,363.602783203125,478.6705322265625
321.0,349.3525390625,399.4490661621094,364.7010498046875,477.26312255859375
322.0,349.9656066894531,401.4377136230469,370.6038513183594,477.2936096191406
323.0,349.31280517578125,441.729736328125,362.2398376464844,477.3378601074219
324.0,349.94952392578125,403.0726318359375,363.38232421875,479.21246337890625
325.0,351.1806945800781,406.1686706542969,375.5251159667969,478.2918701171875
326.0,352.3565368652344,438.2930908203125,362.8263854980469,478.2850036621094
327.0,349.97418212890625,405.650390625,362.9490051269531,479.10821533203125
328.0,349.86602783203125,405.650390625,367.34326171875,478.5279235839844
329.0,350.05865478515625,399.69049072265625,363.38232421875,478.4236755371094
330.0,349.9656066894531,403.9615173339844,376.34100341796875,478.6380920410156
331.0,349.4822998046875,400.5237731933594,364.583740234375,477.2778625488281
332.0,349.65380859375,417.51788330078125,375.45318603515625,477.3250732421875
333.0,350.232666015625,412.5280456542969,370.6439514160156,478.48760986328125
334.0,349.34552001953125,405.650390625,374.78350830078125,477.3732604980469
335.0,349.2811279296875,400.79791259765625,366.9635925292969,477.3378601074219
336.0,349.9012451171875,408.4957580566406,368.20452880859375,477.9682922363281
337.0,349.7679748535156,415.8279113769531,365.5304870605469,478.5279235839844
338.0,349.2811279296875,411.5552673339844,371.3790588378906,479.97369384765625
339.0,352.7151184082031,416.4366455078125,370.6439514160156,477.3250732421875
340.0,349.65380859375,404.50701904296875,374.7994384765625,478.90362548828125
341.0,349.4873352050781,401.4377136230469,362.18206787109375,479.76422119140625
342.0,349.58892822265625,411.32965087890625,374.02069091796875,477.45489501953125
343.0,350.25128173828125,401.4377136230469,369.2727355957031,482.9439392089844
344.0,349.28765869140625,404.64111328125,367.8708801269531,477.3034362792969
345.0,349.5245361328125,401.4377136230469,375.4679260253906,477.26409912109375
346.0,350.0113830566406,400.79791259765625,363.7472229003906,478.52496337890625
347.0,349.9440002441406,428.87200927734375,368.6460876464844,478.07647705078125
348.0,349.97015380859375,401.09381103515625,366.7808532714844,477.29949951171875
349.0,349.4601745605469,420.59429931640625,372.9171142578125,477.7971496582031
350.0,350.2040100097656,399.4490661621094,378.23394775390625,478.5210266113281
351.0,349.9374694824219,415.0131530761719,362.698486328125,477.585693359375
352.0,350.375,400.79791259765625,373.5254821777344,478.8564147949219
353.0,349.7408142089844,399.8114929199219,364.583740234375,478.6675720214844
354.0,349.3349609375,401.09381103515625,367.4352111816406,477.55126953125
355.0,350.4408874511719,401.4377136230469,364.7010498046875,477.31622314453125
356.0,349.9988098144531,403.9615173339844,376.1228942871094,477.3427734375
357.0,350.1864013671875,463.9316711425781,363.8539123535156,477.40179443359375
358.0,349.2811279296875,400.5237731933594,363.42474365234375,477.3250732421875
359.0,349.4822998046875,423.3404541015625,370.4947814941406,480.0553283691406
360.0,350.1894226074219,410.03912353515625,372.3370361328125,477.309326171875
361.0,349.2992248535156,406.1686706542969,376.34100341796875,477.3103332519531
362.0,349.964111328125,403.76422119140625,363.5332336425781,478.5672607421875
363.0,349.9349365234375,401.4377136230469,389.41290283203125,477.3250732421875
364.0,349.3424987792969,417.0835266113281,368.9290466308594,477.2936096191406
365.0,350.0113830566406,452.2472839355469,363.38232421875,477.3231201171875
366.0,349.9374694824219,410.1116027832031,362.5357666015625,478.6488952636719
367.0,350.1833801269531,420.54254150390625,368.251708984375,478.1984558105469
368.0,349.2811279296875,441.729736328125,368.3749084472656,478.6321716308594
369.0,350.07476806640625,421.23956298828125,366.7808532714844,477.9682922363281
370.0,350.21405029296875,400.82843017578125,374.1427001953125,478.79248046875
371.0,352.3565368652344,400.5237731933594,381.37841796875,478.90167236328125
372.0,349.9349365234375,407.87554931640625,363.15240478515625,479.66094970703125
373.0,350.05865478515625,399.8114929199219,363.9712219238281,478.9242858886719
374.0,350.609375,416.3200378417969,374.7994384765625,477.9682922363281
375.0,350.2578125,400.9913635253906,369.9571533203125,478.8987121582031
376.0,349.9349365234375,406.1512451171875,368.6661376953125,478.5888977050781
377.0,349.4601745605469,415.0371398925781,373.97705078125,479.2429504394531
378.0,349.2992248535156,399.8245544433594,372.3370361328125,477.309326171875
379.0,349.9128112792969,422.2167053222656,362.18206787109375,477.55126953125
380.0,349.97015380859375,400.82843017578125,363.38232421875,478.8554382324219
381.0,349.2670593261719,410.9432373046875,363.2702941894531,477.6683349609375
382.0,352.3565368652344,401.6268005371094,363.9712219238281,479.2695007324219
383.0,349.32891845703125,409.0919494628906,367.7341003417969,477.309326171875
384.0,349.2690734863281,410.8658752441406,376.4683532714844,478.64495849609375
385.0,353.5062255859375,416.79742431640625,368.6661376953125,478.8642883300781
386.0,349.6719055175781,418.6192932128906,382.0763854980469,478.1758117675781
387.0,349.9756774902344,399.52374267578125,370.6038513183594,477.309326171875
388.0,349.83184814453125,401.109619140625,374.1427001953125,478.55841064453125
389.0,349.7267150878906,423.2930603027344,375.917724609375,478.50628662109375
390.0,349.3681335449219,403.7130126953125,371.91375732421875,477.7243957519531
391.0,350.2578125,401.109619140625,364.5071105957031,477.55126953125
392.0,349.4476013183594,417.78057861328125,367.850830078125,477.309326171875
393.0,350.25128173828125,401.6268005371094,362.18206787109375,479.09246826171875
394.0,349.3822326660156,400.82843017578125,371.4840087890625,477.3034362792969
395.0,350.71197509765625,475.39532470703125,364.4204406738281,478.478759765625
396.0,349.6985778808594,400.5237731933594,369.5834045410156,478.38726806640625
397.0,349.4822998046875,401.109619140625,362.9490051269531,478.5210266113281
398.0,350.2578125,404.64111328125,368.6661376953125,477.40179443359375
399.0,349.4822998046875,403.7898254394531,370.6038513183594,478.4335021972656
400.0,349.3802185058594,421.23956298828125,368.6661376953125,478.7079162597656
401.0,349.3616027832031,399.69049072265625,362.5357666015625,478.50726318359375
402.0,349.8816223144531,401.09381103515625,374.0749206542969,477.26409912109375
403.0,353.082763671875,407.20086669921875,366.6753234863281,479.0147705078125
404.0,350.1864013671875,411.9443664550781,362.698486328125,478.0263366699219
405.0,349.31884765625,420.624267578125,362.35125732421875,477.6683349609375
406.0,350.25128173828125,416.6955261230469,362.52337646484375,478.5888977050781
407.0,350.71197509765625,401.109619140625,374.9067077636719,477.40179443359375
408.0,349.4309997558594,406.1686706542969,363.7472229003906,477.6683349609375
409.0,350.05865478515625,400.5237731933594,372.3370361328125,477.26409912109375
410.0,349.3802185058594,414.8752746582031,365.5304870605469,478.548583984375
411.0,349.9319152832031,401.4377136230469,371.3790588378906,478.48760986328125
412.0,350.375,417.04156494140625,368.9290466308594,477.31622314453125
413.0,349.9128112792969,414.9701232910156,363.42474365234375,477.2778625488281
414.0,349.4309997558594,405.1119689941406,373.8933410644531,477.8748474121094
415.0,349.5748291015625,416.6955261230469,374.1427001953125,478.9606628417969
416.0,350.2185974121094,411.32965087890625,365.1355285644531,478.8790283203125
417.0,349.9988098144531,426.56292724609375,364.7010498046875,478.8554382324219
418.0,349.9595947265625,420.5997619628906,366.6753234863281,477.41851806640625
419.0,350.07476806640625,414.5853576660156,362.30584716796875,482.9439392089844
420.0,349.31280517578125,412.8790283203125,362.698486328125,477.7971496582031
421.0,349.309814453125,408.1316833496094,363.15240478515625,482.9439392089844
422.0,349.3424987792969,419.9010925292969,363.38232421875,478.5692443847656
423.0,349.99530029296875,399.8114929199219,374.9067077636719,477.6683349609375
424.0,349.31884765625,402.4568176269531,369.9571533203125,478.5692443847656
425.0,350.68731689453125,413.9460754394531,368.6661376953125,477.40179443359375
426.0,351.6982116699219,404.50701904296875,370.9239501953125,477.6683349609375
427.0,349.4822998046875,419.86785888671875,363.5332336425781,477.8748474121094
428.0,350.3121337890625,416.79852294921875,362.30584716796875,477.3378601074219
429.0,349.31884765625,415.8218994140625,364.4204406738281,477.6683349609375
430.0,349.4229736328125,415.8290100097656,364.7010498046875,477.2936096191406
431.0,349.2710876464844,410.48602294921875,362.25457763671875,477.3103332519531
432.0,350.05865478515625,423.40911865234375,366.5185241699219,477.2778625488281
433.0,349.4601745605469,399.4490661621094,371.6643981933594,477.8748474121094
434.0,349.3681335449219,401.109619140625,368.20452880859375,479.2429504394531
435.0,349.86602783203125,417.4448547363281,368.6661376953125,479.0550842285156
436.0,349.65380859375,426.68609619140625,363.7472229003906,477.55126953125
437.0,349.35406494140625,401.5428771972656,375.2268371582031,478.37841796875
438.0,349.31884765625,434.5425109863281,362.698486328125,478.6380920410156
439.0,349.97015380859375,412.6217956542969,364.583740234375,477.2936096191406
440.0,349.9595947265625,400.5237731933594,362.52337646484375,477.8748474121094
441.0,349.2670593261719,402.1358337402344,363.9712219238281,482.9439392089844
442.0,349.309814453125,408.6608581542969,363.602783203125,477.2936096191406
443.0,349.3822326660156,4301.28173828125,364.583740234375,477.78436279296875
444.0,350.1029052734375,420.54254150390625,373.5254821777344,477.26409912109375
445.0,349.9349365234375,408.43634033203125,366.7808532714844,478.8544616699219
446.0,349.31280517578125,399.4490661621094,362.2398376464844,478.4236755371094
447.0,349.5748291015625,407.3676452636719,365.1355285644531,477.93585205078125
448.0,349.31280517578125,416.8497314453125,367.7718200683594,477.3103332519531
449.0,349.9097900390625,410.03912353515625,362.5357666015625,477.28277587890625
450.0,351.1806945800781,409.0919494628906,366.6753234863281,478.4590759277344
451.0,349.4822998046875,402.4568176269531,363.8539123535156,477.26409912109375
452.0,349.80517578125,407.3676452636719,369.9571533203125,477.513916015625
453.0,349.4601745605469,412.6021728515625,368.6661376953125,478.8642883300781
454.0,349.29119873046875,409.65765380859375,404.4961853027344,477.2778625488281
455.0,349.2670593261719,415.156494140625,379.25201416015625,477.56011962890625
456.0,349.4822998046875,409.585693359375,363.602783203125,477.3103332519531
457.0,349.4822998046875,400.5237731933594,362.698486328125,477.28277587890625
458.0,349.9480285644531,401.09381103515625,4993.33251953125,477.2778625488281
459.0,349.2811279296875,403.9615173339844,368.9933166503906,477.78436279296875
460.0,350.05865478515625,400.79791259765625,376.57623291015625,479.09246826171875
461.0,350.1577453613281,406.1686706542969,363.8539123535156,477.2936096191406
462.0,349.9349365234375,401.6268005371094,379.24200439453125,477.26409912109375
463.0,349.2670593261719,400.5537414550781,371.3790588378906,477.4863586425781
464.0,349.3057861328125,401.4377136230469,381.37841796875,478.550537109375
465.0,350.2578125,400.9913635253906,372.89825439453125,477.3378601074219
466.0,349.28765869140625,401.4377136230469,366.1406555175781,477.3732604980469
467.0,349.9339294433594,416.6955261230469,369.8404235839844,478.4580993652344
468.0,349.6004943847656,416.6955261230469,369.8404235839844,477.3378601074219
469.0,349.9349365234375,401.4377136230469,363.8539123535156,478.7079162597656
470.0,349.4822998046875,406.1795654296875,362.2398376464844,477.7971496582031
471.0,349.4652099609375,410.8631286621094,365.1355285644531,478.48760986328125
472.0,349.9128112792969,399.4490661621094,370.6038513183594,478.4993896484375
473.0,349.3822326660156,399.69049072265625,375.2268371582031,477.26409912109375
474.0,349.9349365234375,411.9443664550781,374.0749206542969,477.2778625488281
475.0,349.4601745605469,400.79791259765625,365.1355285644531,477.6683349609375
476.0,349.5245361328125,416.0785827636719,372.1436767578125,477.2778625488281
477.0,350.18035888671875,403.7898254394531,362.2398376464844,478.38726806640625
478.0,349.9892578125,410.904541015625,372.1436767578125,478.8554382324219
479.0,349.65380859375,400.5237731933594,368.25286865234375,477.309326171875
480.0,349.32891845703125,401.09381103515625,374.4374694824219,478.5013732910156
481.0,349.3802185058594,433.873291015625,374.3514099121094,478.49053955078125
482.0,349.9988098144531,403.7130126953125,363.38232421875,478.8544616699219
483.0,349.6150817871094,399.4490661621094,374.9373779296875,478.1531982421875
484.0,352.3565368652344,430.1505432128906,369.9571533203125,477.61029052734375
485.0,349.9384460449219,400.9913635253906,363.602783203125,478.48760986328125
486.0,349.2710876464844,420.5997619628906,371.6072082519531,478.4580993652344
487.0,349.41290283203125,399.8180236816406,363.38232421875,477.45489501953125
488.0,349.97015380859375,411.9694519042969,366.1406555175781,478.9262390136719
489.0,349.31884765625,400.79791259765625,374.0749206542969,478.5692443847656
490.0,350.25933837890625,407.20086669921875,375.0823974609375,478.8731384277344
491.0,349.3349609375,412.5280456542969,365.22100830078125,478.5692443847656
492.0,349.80517578125,403.0726318359375,371.6072082519531,479.31573486328125
493.0,349.2690734863281,430.1505432128906,367.54486083984375,478.5731506347656
494.0,349.9012451171875,404.21875,398.521484375,478.5888977050781
495.0,349.9349365234375,403.0726318359375,588.569580078125,477.3427734375
496.0,349.5602722167969,400.82843017578125,373.5254821777344,478.411865234375
497.0,349.2811279296875,399.69049072265625,376.31683349609375,479.8389587402344
498.0,352.3565368652344,415.8279113769531,364.20172119140625,478.5308837890625
499.0,349.2670593261719,428.6087951660156,368.6460876464844,478.37841796875
500.0,349.3424987792969,403.7130126953125,382.0763854980469,479.2429504394531
501.0,349.31280517578125,412.8790283203125,364.5395202636719,478.1758117675781
502.0,350.1290588378906,402.6094055175781,374.78350830078125,477.6683349609375
503.0,350.0219421386719,500.5379943847656,362.5357666015625,478.550537109375
504.0,350.05865478515625,424.4740295410156,375.917724609375,477.6683349609375
505.0,349.964111328125,401.5428771972656,367.708740234375,477.3585205078125
506.0,349.3349609375,405.650390625,362.35125732421875,478.5190734863281
507.0,349.4822998046875,404.8182067871094,368.251708984375,478.6311950683594
508.0,349.3802185058594,401.6268005371094,368.6460876464844,477.26409912109375
509.0,349.5748291015625,408.43634033203125,363.38232421875,477.26409912109375
510.0,349.309814453125,399.8180236816406,374.5364990234375,479.21246337890625
511.0,353.5062255859375,402.4568176269531,363.602783203125,477.3103332519531
512.0,349.31280517578125,403.0726318359375,371.4840087890625,477.3103332519531
513.0,349.50897216796875,414.9701232910156,362.2398376464844,477.3427734375
514.0,349.4652099609375,402.4568176269531,365.1355285644531,478.66168212890625
515.0,349.9128112792969,399.4490661621094,376.9346618652344,477.3034362792969
516.0,349.9822082519531,421.1005859375,370.50128173828125,477.61029052734375
517.0,349.4601745605469,414.4921569824219,363.4135437011719,478.4236755371094
518.0,349.7825622558594,420.54254150390625,371.3254089355469,478.6705322265625
519.0,349.9988098144531,406.1795654296875,363.15240478515625,477.3378601074219
520.0,349.5748291015625,410.4925537109375,362.35125732421875,478.4600524902344
521.0,349.4652099609375,399.52374267578125,366.5185241699219,478.411865234375
522.0,349.8584899902344,415.4066467285156,363.38232421875,478.6488952636719
523.0,349.80517578125,443.1826477050781,364.5395202636719,478.48760986328125
524.0,349.5245361328125,400.5237731933594,372.5085754394531,478.4236755371094
525.0,349.97015380859375,406.1686706542969,373.5254821777344,477.61029052734375
526.0,349.9384460449219,433.873291015625,362.9490051269531,477.93585205078125
527.0,349.65380859375,409.0919494628906,370.9239501953125,478.5849609375
528.0,349.9988098144531,415.8279113769531,366.6706237792969,478.1296081542969
529.0,349.9520263671875,407.6330261230469,362.698486328125,478.8318176269531
530.0,349.41290283203125,400.82843017578125,367.7341003417969,477.31622314453125
531.0,349.3681335449219,415.06549072265625,363.38232421875,478.8652648925781
532.0,350.0113830566406,402.1358337402344,363.602783203125,477.8748474121094
533.0,349.2690734863281,414.8752746582031,363.7472229003906,477.40179443359375
534.0,351.8973693847656,413.293212890625,363.602783203125,478.5210266113281
535.0,349.31884765625,433.1669921875,363.2702941894531,477.4863586425781
536.0,349.2670593261719,407.87554931640625,362.25457763671875,477.3732604980469
537.0,349.4822998046875,408.43634033203125,363.38232421875,478.64495849609375
538.0,352.3565368652344,401.109619140625,363.2702941894531,477.29949951171875
539.0,349.2776184082031,407.3676452636719,368.8406066894531,477.5178527832031
540.0,349.4139099121094,424.79718017578125,372.1283264160156,478.4335021972656
541.0,349.3952941894531,410.4925537109375,371.91375732421875,478.6577453613281
542.0,350.1577453613281,416.4404602050781,367.0172424316406,478.5210266113281
543.0,349.8962097167969,401.109619140625,364.5071105957031,479.3599853515625
544.0,350.7728271484375,401.4377136230469,371.91375732421875,477.3103332519531
545.0,350.2578125,412.8790283203125,363.7472229003906,482.9439392089844
546.0,349.4822998046875,399.69049072265625,366.87872314453125,482.9439392089844
547.0,350.0893249511719,406.1686706542969,374.4215393066406,478.2850036621094
548.0,352.3565368652344,406.1686706542969,364.4204406738281,478.6321716308594
549.0,350.68731689453125,411.857177734375,386.87445068359375,477.40081787109375
550.0,349.9988098144531,407.3676452636719,363.38232421875,477.8748474121094
551.0,349.31280517578125,418.5724182128906,362.30584716796875,477.3378601074219
552.0,353.32366943359375,411.9639892578125,370.1858825683594,478.5190734863281
553.0,349.4601745605469,403.9615173339844,379.25201416015625,477.5178527832031
554.0,349.2670593261719,411.9443664550781,364.7010498046875,478.4580993652344
555.0,349.89068603515625,401.4377136230469,363.7472229003906,477.3250732421875
556.0,349.4652099609375,420.54254150390625,378.23394775390625,477.6683349609375
557.0,350.05865478515625,402.681884765625,368.6661376953125,477.6673278808594
558.0,349.2776184082031,417.78057861328125,373.42645263671875,477.26409912109375
559.0,350.953369140625,401.4377136230469,363.9712219238281,478.8554382324219
560.0,349.3349609375,409.0919494628906,369.0705261230469,478.5210266113281
561.0,349.3424987792969,400.5237731933594,371.91375732421875,478.481689453125
562.0,349.99530029296875,402.681884765625,362.30584716796875,478.8554382324219
563.0,349.29119873046875,401.4377136230469,375.7703552246094,492.23333740234375
564.0,351.09771728515625,410.4925537109375,388.1542663574219,479.1829528808594
565.0,349.9776916503906,410.9432373046875,371.4840087890625,478.59283447265625
566.0,349.2811279296875,399.8114929199219,374.6379089355469,477.3103332519531
567.0,350.8437194824219,402.4568176269531,362.18206787109375,477.2778625488281
568.0,349.9610900878906,422.0564880371094,362.25457763671875,477.513916015625
569.0,349.2710876464844,418.99041748046875,366.7808532714844,804.8250732421875
570.0,349.2670593261719,401.09381103515625,366.7808532714844,477.5178527832031
571.0,349.4038391113281,401.5428771972656,373.3409729003906,477.29949951171875
572.0,349.3681335449219,408.7944030761719,367.5719909667969,478.9606628417969
573.0,349.9756774902344,412.34002685546875,373.97705078125,477.3585205078125
574.0,349.31280517578125,420.6150207519531,365.1355285644531,477.3378601074219
575.0,350.0113830566406,403.0726318359375,362.35125732421875,478.4236755371094
576.0,350.07476806640625,403.76422119140625,363.9712219238281,477.3231201171875
577.0,350.27239990234375,427.8714294433594,373.2684631347656,477.5886535644531
578.0,349.32891845703125,403.7130126953125,364.583740234375,477.3103332519531
579.0,350.1999816894531,401.4377136230469,373.97705078125,478.4600524902344
580.0,350.1949462890625,404.50701904296875,367.0172424316406,477.9682922363281
581.0,350.25933837890625,413.1351623535156,362.18206787109375,477.40179443359375
582.0,350.05865478515625,407.20086669921875,362.52337646484375,478.9262390136719
583.0,349.4873352050781,401.4377136230469,362.8263854980469,479.2567138671875
584.0,350.7024230957031,399.69049072265625,378.4385070800781,477.4952087402344
585.0,349.5748291015625,403.9615173339844,367.5719909667969,477.28277587890625
586.0,352.3565368652344,418.6192932128906,362.9490051269531,477.55126953125
587.0,349.93292236328125,400.5537414550781,371.680908203125,478.5279235839844
588.0,349.9776916503906,424.7884826660156,366.6706237792969,478.4580993652344
589.0,350.25128173828125,428.27362060546875,376.46185302734375,478.8475646972656
590.0,349.9399719238281,401.109619140625,362.18206787109375,479.48291015625
591.0,350.7325744628906,417.64105224609375,374.0660705566406,482.0007629394531
592.0,349.2811279296875,400.79791259765625,374.0660705566406,478.5888977050781
593.0,349.4822998046875,422.1327819824219,371.2823791503906,477.55126953125
594.0,349.3218688964844,407.8711853027344,364.20172119140625,477.31622314453125
595.0,350.0893249511719,399.52374267578125,373.52960205078125,479.07672119140625
596.0,349.86602783203125,416.4404602050781,369.8404235839844,478.0794372558594
597.0,349.29571533203125,459.2829895019531,368.8406066894531,478.52496337890625
598.0,350.17132568359375,408.6532287597656,373.5254821777344,477.61029052734375
599.0,349.9756774902344,400.79791259765625,367.708740234375,478.4993896484375
600.0,350.081298828125,401.5428771972656,362.2398376464844,478.6567687988281
601.0,349.65380859375,401.4377136230469,374.0660705566406,477.26409912109375
602.0,350.05865478515625,440.9193420410156,369.5834045410156,478.0263366699219
603.0,349.7936096191406,403.7898254394531,366.7808532714844,478.5210266113281
604.0,351.8973693847656,400.5537414550781,363.15240478515625,478.5672607421875
605.0,349.4822998046875,424.0064392089844,382.0763854980469,479.09246826171875
606.0,349.35406494140625,410.9432373046875,370.7748107910156,478.4679260253906
607.0,349.9520263671875,406.1795654296875,369.3505554199219,477.26409912109375
608.0,349.3681335449219,408.1316833496094,379.8456726074219,478.88787841796875
609.0,349.54718017578125,421.23956298828125,367.850830078125,479.0550842285156
610.0,349.28765869140625,413.9460754394531,362.698486328125,478.8554382324219
611.0,351.09771728515625,434.6972961425781,375.7703552246094,477.26409912109375
612.0,349.9399719238281,411.9694519042969,362.698486328125,478.8898620605469
613.0,349.31884765625,412.2969665527344,371.94793701171875,477.26605224609375
614.0,349.3349609375,406.1795654296875,362.35125732421875,477.41851806640625
615.0,349.83184814453125,401.4377136230469,364.4204406738281,479.375732421875
616.0,349.2670593261719,410.8658752441406,370.1858825683594,478.10302734375
617.0,349.9339294433594,413.9934997558594,363.38232421875,479.76422119140625
618.0,350.4514465332031,403.7898254394531,366.6753234863281,477.26409912109375
619.0,349.9530334472656,400.82843017578125,363.602783203125,477.585693359375
620.0,349.5245361328125,404.14788818359375,372.9171142578125,477.513916015625
621.0,350.05865478515625,402.1358337402344,363.38232421875,478.47186279296875
622.0,349.9983215332031,402.4568176269531,362.18206787109375,477.81585693359375
623.0,349.28765869140625,400.9913635253906,362.698486328125,477.61029052734375
624.0,349.80718994140625,402.1358337402344,364.5395202636719,477.26409912109375
625.0,350.3704833984375,400.5237731933594,362.9490051269531,478.4433288574219
626.0,349.80517578125,431.409423828125,362.8263854980469,477.3378601074219
627.0,350.68731689453125,400.82843017578125,370.6038513183594,477.2936096191406
628.0,349.9128112792969,414.2381896972656,362.35125732421875,478.8731384277344
629.0,349.997314453125,400.8229675292969,368.3749084472656,477.61029052734375
630.0,349.3349609375,415.156494140625,371.2134094238281,478.4600524902344
631.0,350.05865478515625,399.4490661621094,372.73907470703125,478.5279235839844
632.0,349.2811279296875,404.64111328125,372.6583251953125,477.6683349609375
633.0,349.2710876464844,401.4377136230469,372.5085754394531,478.5210266113281
634.0,349.53460693359375,406.3169250488281,388.2597961425781,477.3231201171875
635.0,349.3802185058594,403.76422119140625,368.012939453125,478.64495849609375
636.0,349.8368835449219,411.9694519042969,364.20172119140625,478.4580993652344
637.0,349.80517578125,400.8229675292969,364.7010498046875,477.26409912109375
638.0,349.9530334472656,412.34002685546875,362.9490051269531,477.3103332519531
639.0,349.9128112792969,404.21875,376.4683532714844,478.4767761230469
640.0,349.3681335449219,408.6532287597656,362.9490051269531,477.3231201171875
641.0,350.71197509765625,408.43634033203125,371.94793701171875,477.2778625488281
642.0,352.3565368652344,417.0835266113281,367.0172424316406,478.8810119628906
643.0,349.6150817871094,411.5552673339844,364.5071105957031,477.309326171875
644.0,350.1833801269531,401.6268005371094,372.07293701171875,479.61175537109375
645.0,350.0113830566406,416.8497314453125,382.99249267578125,477.7243957519531
646.0,349.4601745605469,400.9913635253906,362.18206787109375,477.3585205078125
647.0,349.4476013183594,415.7913818359375,363.2702941894531,477.26409912109375
648.0,349.3057861328125,424.16229248046875,362.30584716796875,477.309326171875
649.0,349.86602783203125,406.1686706542969,362.9490051269531,477.6683349609375
650.0,349.9520263671875,414.5853576660156,366.6706237792969,477.3811340332031
651.0,349.9983215332031,408.1316833496094,363.9712219238281,477.309326171875
652.0,349.9822082519531,426.68609619140625,362.9490051269531,477.3103332519531
653.0,352.3565368652344,403.9615173339844,372.9524841308594,478.478759765625
654.0,349.9012451171875,405.650390625,362.9490051269531,477.5178527832031
655.0,350.09588623046875,412.5444030761719,374.02069091796875,478.273193359375
656.0,349.31884765625,406.1512451171875,371.3790588378906,477.3231201171875
657.0,349.98974609375,400.82843017578125,370.6038513183594,482.9439392089844
658.0,349.9781799316406,417.04156494140625,370.50128173828125,477.2778625488281
659.0,350.165771484375,415.0131530761719,365.0470886230469,478.54071044921875
660.0,349.81976318359375,412.6021728515625,363.38232421875,477.6683349609375
661.0,349.31884765625,406.1686706542969,362.698486328125,480.0553283691406
662.0,349.2670593261719,402.1358337402344,362.698486328125,478.341064453125
663.0,349.2690734863281,422.0564880371094,363.2702941894531,478.4679260253906
664.0,349.2992248535156,409.7442932128906,376.42706298828125,478.3656311035156
665.0,349.2992248535156,424.6544189453125,369.8598937988281,477.2778625488281
666.0,350.2578125,415.3298034667969,362.698486328125,478.619384765625
667.0,350.21405029296875,403.0726318359375,373.97705078125,477.2936096191406
668.0,349.9012451171875,400.8229675292969,366.6753234863281,477.3427734375
669.0,349.4309997558594,415.8279113769531,367.8708801269531,477.5375061035156
670.0,349.31280517578125,399.69049072265625,373.3374328613281,479.90191650390625
671.0,350.1290588378906,414.8752746582031,362.35125732421875,477.40179443359375
672.0,349.4476013183594,438.28546142578125,367.4352111816406,477.3103332519531
673.0,349.2670593261719,419.0498352050781,362.35125732421875,477.309326171875
674.0,350.2578125,424.34429931640625,389.41290283203125,478.5308837890625
675.0,350.3704833984375,433.1669921875,369.8080139160156,477.28277587890625
676.0,351.1806945800781,406.1686706542969,363.7472229003906,478.5672607421875
677.0,349.4822998046875,415.156494140625,372.6583251953125,478.3017272949219
678.0,349.29571533203125,402.681884765625,369.9571533203125,477.3034362792969
679.0,349.9444885253906,399.8180236816406,374.0660705566406,478.4993896484375
680.0,350.05865478515625,399.8114929199219,362.18206787109375,478.7236328125
681.0,349.2811279296875,403.9615173339844,375.42254638671875,478.6311950683594
682.0,349.29119873046875,423.2930603027344,364.7010498046875,478.64495849609375
683.0,350.1864013671875,409.0527038574219,372.9524841308594,478.9262390136719
684.0,349.6075439453125,424.0064392089844,368.9290466308594,485.4607849121094
685.0,349.4476013183594,399.52374267578125,370.9239501953125,477.3103332519531
686.0,349.2811279296875,407.20086669921875,373.8933410644531,478.6380920410156
687.0,349.309814453125,401.5428771972656,378.4385070800781,477.26409912109375
688.0,349.2811279296875,414.9701232910156,362.2398376464844,478.2554931640625
689.0,349.2710876464844,418.6192932128906,367.6875305175781,479.47015380859375
690.0,352.3565368652344,400.9913635253906,370.44232177734375,477.2778625488281
691.0,352.3565368652344,407.87554931640625,366.7808532714844,477.2936096191406
692.0,349.964111328125,399.69049072265625,366.20135498046875,478.5210266113281
693.0,350.3956298828125,415.3298034667969,376.69293212890625,478.3017272949219
694.0,349.712646484375,400.5237731933594,376.57623291015625,479.52325439453125
695.0,349.28765869140625,403.7130126953125,377.86785888671875,478.5279235839844
696.0,349.6844787597656,401.09381103515625,363.8539123535156,478.64495849609375
697.0,350.2040100097656,426.88446044921875,370.44232177734375,480.9001770019531
698.0,349.2670593261719,400.9913635253906,363.7472229003906,477.40179443359375
699.0,352.3565368652344,400.79791259765625,362.35125732421875,479.10821533203125
700.0,350.1864013671875,399.4490661621094,364.4204406738281,478.9449462890625
701.0,350.15924072265625,402.6094055175781,364.5071105957031,478.6321716308594
702.0,349.4309997558594,403.9615173339844,372.1436767578125,477.309326171875
703.0,349.98974609375,410.03912353515625,366.6753234863281,477.28277587890625
704.0,349.31280517578125,400.9913635253906,364.5395202636719,478.341064453125
705.0,349.5602722167969,424.34429931640625,369.62408447265625,478.4580993652344
706.0,350.0657043457031,411.9639892578125,374.9373779296875,478.9173889160156
707.0,349.4139099121094,400.82843017578125,362.2398376464844,477.5178527832031
708.0,349.3802185058594,410.4925537109375,374.02069091796875,477.2936096191406
709.0,349.65380859375,399.4490661621094,368.251708984375,479.09246826171875
710.0,349.9595947265625,413.1351623535156,374.0383605957031,477.38604736328125
711.0,349.3057861328125,405.650390625,362.25457763671875,479.0550842285156
712.0,350.375,423.4423828125,364.4204406738281,477.31622314453125
713.0,350.0657043457031,400.8229675292969,379.8456726074219,478.2918701171875
714.0,349.31884765625,399.8180236816406,371.9361572265625,477.3585205078125
715.0,354.54931640625,403.76422119140625,362.2398376464844,478.5121765136719
716.0,349.9339294433594,596.1890869140625,368.6661376953125,477.309326171875
717.0,349.3349609375,408.6608581542969,372.357666015625,477.2936096191406
718.0,350.05865478515625,404.21875,364.5071105957031,477.7548828125
719.0,350.17633056640625,403.7691345214844,364.7010498046875,478.9262390136719
720.0,349.9097900390625,426.88446044921875,374.3514099121094,477.3732604980469
721.0,350.97900390625,416.9233093261719,373.2065734863281,477.3378601074219
722.0,349.9399719238281,416.4404602050781,368.2334289550781,478.5013732910156
723.0,349.9384460449219,674.7245483398438,362.9490051269531,478.4580993652344
724.0,349.3822326660156,402.1358337402344,374.2370300292969,477.3378601074219
725.0,350.7024230957031,414.2381896972656,367.5719909667969,477.3250732421875
726.0,349.9656066894531,410.4925537109375,362.30584716796875,477.5178527832031
727.0,349.2811279296875,400.82843017578125,370.1263427734375,477.93585205078125
728.0,349.5602722167969,410.904541015625,367.6875305175781,477.513916015625
729.0,349.2710876464844,414.2616271972656,362.9490051269531,478.6321716308594
730.0,349.9681396484375,399.8245544433594,369.9571533203125,479.90191650390625
731.0,349.80517578125,415.30255126953125,374.3130798339844,477.3732604980469
732.0,349.29571533203125,400.82843017578125,364.7010498046875,478.2918701171875
733.0,350.05865478515625,443.3412170410156,366.7808532714844,477.6683349609375
734.0,349.86602783203125,399.8180236816406,375.0257873535156,478.2850036621094
735.0,349.4476013183594,406.1795654296875,369.2727355957031,478.5780944824219
736.0,352.3565368652344,399.69049072265625,369.8080139160156,477.3585205078125
737.0,352.12872314453125,403.76422119140625,362.25457763671875,479.10821533203125
738.0,349.9128112792969,409.30230712890625,369.2727355957031,478.5210266113281
739.0,350.2185974121094,401.4377136230469,363.2702941894531,478.9449462890625
740.0,349.31280517578125,418.99041748046875,364.4204406738281,477.2936096191406
741.0,349.3349609375,400.5537414550781,362.18206787109375,477.3427734375
742.0,349.9822082519531,426.68609619140625,363.15240478515625,478.5210266113281
743.0,349.9922790527344,400.5537414550781,372.357666015625,477.6683349609375
744.0,349.94952392578125,420.624267578125,362.18206787109375,478.64495849609375
745.0,349.5748291015625,399.8180236816406,375.7703552246094,477.8482971191406
746.0,349.7513732910156,403.7898254394531,379.0091552734375,477.2778625488281
747.0,349.2670593261719,412.6806335449219,381.37841796875,477.3103332519531
748.0,349.31280517578125,414.9701232910156,370.50128173828125,478.6321716308594
749.0,349.29119873046875,400.5537414550781,362.698486328125,478.411865234375
750.0,350.05865478515625,417.4176025390625,386.87445068359375,477.6683349609375
751.0,350.7592468261719,414.8752746582031,387.1827697753906,478.5210266113281
752.0,349.93243408203125,409.3377380371094,373.4441223144531,477.3378601074219
753.0,350.27239990234375,412.6021728515625,366.6753234863281,477.3732604980469
754.0,349.8499450683594,413.9460754394531,364.7010498046875,478.4580993652344
755.0,349.53460693359375,400.82843017578125,368.6661376953125,477.26409912109375
756.0,349.9822082519531,400.82843017578125,363.602783203125,671.4227294921875
757.0,349.2811279296875,416.95220947265625,362.9490051269531,477.45294189453125
758.0,350.232666015625,407.87554931640625,369.2727355957031,477.55126953125
759.0,350.375,424.16229248046875,363.38232421875,478.4580993652344
760.0,349.97015380859375,435.9540100097656,375.0823974609375,482.9439392089844
761.0,349.3057861328125,411.7596435546875,371.3254089355469,478.5210266113281
762.0,350.0591735839844,401.4377136230469,363.7472229003906,478.5210266113281
763.0,350.05865478515625,417.4476013183594,374.78350830078125,477.26409912109375
764.0,349.9937744140625,399.8114929199219,364.7010498046875,478.4767761230469
765.0,349.31884765625,427.6708679199219,366.5185241699219,478.4335021972656
766.0,349.2992248535156,406.1686706542969,382.98541259765625,477.56011962890625
767.0,349.3802185058594,441.729736328125,369.0705261230469,477.29949951171875
768.0,349.4822998046875,399.8180236816406,379.8044128417969,478.8642883300781
769.0,349.29119873046875,421.1005859375,382.0763854980469,477.69586181640625
770.0,350.1396179199219,401.4377136230469,372.07293701171875,479.3599853515625
771.0,349.9349365234375,417.51788330078125,363.2702941894531,478.4590759277344
772.0,349.9012451171875,403.76422119140625,368.6661376953125,477.513916015625
773.0,349.3802185058594,408.1316833496094,362.35125732421875,478.341064453125
774.0,349.4652099609375,400.79791259765625,367.9186096191406,479.3108215332031
775.0,349.97418212890625,400.9913635253906,368.6661376953125,477.5178527832031
776.0,349.3802185058594,406.1686706542969,373.2684631347656,482.9439392089844
777.0,349.9781799316406,401.6268005371094,371.2823791503906,479.3599853515625
778.0,350.1290588378906,410.8631286621094,379.0091552734375,477.55126953125
779.0,349.2992248535156,3145.059326171875,375.3918762207031,478.481689453125
780.0,349.2710876464844,405.650390625,362.698486328125,477.8748474121094
781.0,350.24072265625,413.9460754394531,368.6661376953125,478.31744384765625
782.0,349.31884765625,407.3676452636719,379.713623046875,479.2695007324219
783.0,349.2720947265625,400.79791259765625,379.24200439453125,478.7079162597656
784.0,349.2992248535156,400.8229675292969,364.583740234375,478.411865234375
785.0,349.3218688964844,415.8218994140625,363.38232421875,477.6683349609375
786.0,349.9822082519531,400.79791259765625,386.5042419433594,478.31744384765625
787.0,349.4873352050781,402.6094055175781,381.97381591796875,478.50726318359375
788.0,349.35406494140625,399.4490661621094,364.583740234375,477.2936096191406
789.0,350.165771484375,421.56927490234375,366.7808532714844,477.3378601074219
790.0,350.05865478515625,401.4377136230469,363.9712219238281,482.9439392089844
791.0,349.4822998046875,407.6330261230469,371.4840087890625,479.5468444824219
792.0,349.2992248535156,408.1316833496094,374.85601806640625,478.9242858886719
793.0,349.6985778808594,400.82843017578125,363.602783203125,478.4679260253906
794.0,352.40179443359375,435.9540100097656,374.0660705566406,478.8642883300781
795.0,349.9374694824219,423.3971252441406,362.698486328125,477.6683349609375
796.0,349.9585876464844,415.3298034667969,382.1076354980469,478.5279235839844
797.0,350.05865478515625,419.58062744140625,367.708740234375,477.309326171875
798.0,349.29119873046875,403.9615173339844,367.8083801269531,477.3231201171875
799.0,349.2670593261719,399.52374267578125,1233.3404541015625,477.45489501953125
800.0,349.98974609375,401.4377136230469,367.5719909667969,477.2778625488281
801.0,352.3565368652344,419.0977783203125,363.15240478515625,477.40179443359375
802.0,349.86602783203125,401.4377136230469,363.2702941894531,478.79248046875
803.0,349.9128112792969,411.5552673339844,378.4385070800781,477.31622314453125
804.0,349.9822082519531,434.2155456542969,363.9712219238281,478.341064453125
805.0,349.3802185058594,416.9233093261719,382.98541259765625,477.61029052734375
806.0,349.5748291015625,413.1351623535156,367.5719909667969,478.273193359375
807.0,349.32891845703125,419.3310241699219,366.6753234863281,478.5692443847656
808.0,349.2670593261719,400.5537414550781,370.1858825683594,478.47088623046875
809.0,351.6982116699219,405.6547546386719,371.9361572265625,479.1416320800781
810.0,349.2670593261719,415.06549072265625,362.25457763671875,477.56011962890625
811.0,349.4309997558594,438.2930908203125,362.9490051269531,477.26409912109375
812.0,350.5545349121094,404.21875,362.8263854980469,482.9439392089844
813.0,350.7024230957031,409.74755859375,362.35125732421875,478.6675720214844
814.0,349.29119873046875,414.50250244140625,363.602783203125,478.3017272949219
815.0,350.165771484375,428.27362060546875,369.80035400390625,478.48760986328125
816.0,349.28765869140625,413.293212890625,370.50128173828125,477.31622314453125
817.0,349.3802185058594,412.7373352050781,364.20172119140625,478.5888977050781
818.0,349.309814453125,433.465087890625,366.7808532714844,478.4580993652344
819.0,349.8685607910156,400.79791259765625,372.3370361328125,478.47186279296875
820.0,349.65380859375,400.9913635253906,362.35125732421875,477.81585693359375
821.0,349.3822326660156,415.8279113769531,364.5395202636719,479.0550842285156
822.0,349.9339294433594,415.8290100097656,363.7472229003906,477.8482971191406
823.0,349.29571533203125,401.109619140625,373.97705078125,477.3427734375
824.0,349.4038391113281,400.82843017578125,364.5395202636719,478.5692443847656
825.0,349.9887390136719,401.5428771972656,366.7808532714844,479.0550842285156
826.0,350.02947998046875,400.82843017578125,365.5304870605469,477.3103332519531
827.0,349.964111328125,402.1358337402344,374.6379089355469,477.5178527832031
828.0,349.35406494140625,403.9615173339844,363.9712219238281,478.7796936035156
829.0,349.2670593261719,400.5237731933594,368.3749084472656,480.0553283691406
830.0,349.3681335449219,411.76507568359375,380.9510192871094,477.2936096191406
831.0,350.15924072265625,449.2787780761719,371.680908203125,477.5886535644531
832.0,349.2690734863281,414.4545593261719,370.1858825683594,478.2850036621094
833.0,349.54718017578125,411.32965087890625,366.7808532714844,478.5279235839844
834.0,350.2578125,412.7373352050781,362.5357666015625,477.26605224609375
835.0,349.9399719238281,415.30255126953125,363.602783203125,477.4863586425781
836.0,349.3616027832031,399.4490661621094,363.38232421875,478.8652648925781
837.0,349.2776184082031,410.48602294921875,368.6661376953125,478.619384765625
838.0,350.1833801269531,426.88446044921875,363.5332336425781,479.31573486328125
839.0,350.34381103515625,399.8180236816406,367.4352111816406,478.38726806640625
840.0,349.309814453125,403.0726318359375,367.5719909667969,478.47088623046875
841.0,349.94549560546875,412.5280456542969,375.0257873535156,478.478759765625
842.0,349.7936096191406,415.156494140625,367.4352111816406,477.309326171875
843.0,350.014892578125,412.8724670410156,368.9290466308594,478.7079162597656
844.0,349.2992248535156,403.7898254394531,379.713623046875,478.50726318359375
845.0,350.05865478515625,404.50701904296875,371.91375732421875,477.4952087402344
846.0,350.02947998046875,428.87200927734375,362.25457763671875,478.9813232421875
847.0,352.3565368652344,399.4490661621094,368.6661376953125,478.4580993652344
848.0,349.35406494140625,401.109619140625,364.5395202636719,477.93585205078125
849.0,349.4476013183594,400.79791259765625,378.183837890625,477.5178527832031
850.0,349.29119873046875,412.6217956542969,363.2702941894531,477.6673278808594
851.0,350.25128173828125,399.4490661621094,364.7010498046875,477.93585205078125
852.0,349.2670593261719,403.76422119140625,363.9712219238281,477.2936096191406
853.0,349.9922790527344,399.8114929199219,373.97705078125,479.3599853515625
854.0,350.82159423828125,401.6268005371094,364.583740234375,478.4580993652344
855.0,350.82159423828125,403.9615173339844,374.1427001953125,478.47186279296875
856.0,350.05865478515625,399.52374267578125,385.1412658691406,477.31622314453125
857.0,349.28765869140625,407.6330261230469,363.38232421875,478.8731384277344
858.0,349.9937744140625,400.79791259765625,363.2702941894531,478.548583984375
859.0,349.9656066894531,409.65765380859375,372.8404846191406,479.07672119140625
860.0,350.5545349121094,418.99041748046875,362.698486328125,477.2936096191406
861.0,349.31884765625,412.8790283203125,373.5254821777344,478.341064453125
862.0,350.68731689453125,400.5237731933594,374.3514099121094,478.5210266113281
863.0,349.32891845703125,402.4568176269531,376.9735412597656,477.513916015625
864.0,349.32891845703125,401.4377136230469,366.6753234863281,477.26409912109375
865.0,349.4822998046875,518.5359497070312,363.38232421875,479.97369384765625
866.0,349.8962097167969,428.27362060546875,368.9290466308594,477.40179443359375
867.0,349.98773193359375,424.083251953125,363.602783203125,480.9001770019531
868.0,349.9585876464844,408.6532287597656,375.2268371582031,479.2695007324219
869.0,350.0219421386719,401.09381103515625,362.8263854980469,477.3103332519531
870.0,349.3424987792969,400.82843017578125,367.708740234375,478.4679260253906
871.0,349.4309997558594,410.8658752441406,372.8210144042969,477.3103332519531
872.0,349.4652099609375,412.2969665527344,364.5071105957031,478.2850036621094
873.0,349.2776184082031,417.04156494140625,376.31683349609375,479.3599853515625
874.0,349.32891845703125,426.03485107421875,367.7341003417969,477.29949951171875
875.0,350.2040100097656,399.8114929199219,364.5395202636719,477.3034362792969
876.0,349.93243408203125,399.4490661621094,381.37841796875,477.2936096191406
877.0,349.65380859375,409.3470153808594,362.35125732421875,478.9606628417969
878.0,350.05865478515625,403.9615173339844,364.5071105957031,478.5692443847656
879.0,349.35406494140625,411.9639892578125,362.30584716796875,478.8642883300781
880.0,349.4139099121094,406.1686706542969,371.3254089355469,480.9001770019531
881.0,349.4139099121094,412.6217956542969,362.25457763671875,478.92230224609375
882.0,349.35406494140625,417.78057861328125,375.0257873535156,478.64495849609375
883.0,349.309814453125,401.09381103515625,376.2956237792969,477.3103332519531
884.0,349.3424987792969,410.4925537109375,363.2702941894531,478.5692443847656
885.0,349.4822998046875,399.52374267578125,368.3749084472656,478.4580993652344
886.0,349.9983215332031,405.650390625,362.18206787109375,478.4993896484375
887.0,350.05865478515625,401.4377136230469,362.698486328125,478.6675720214844
888.0,350.148193359375,409.30230712890625,375.835205078125,478.5210266113281
889.0,349.3424987792969,415.06549072265625,362.698486328125,477.3378601074219
890.0,350.05865478515625,400.5537414550781,375.917724609375,482.9439392089844
891.0,349.2811279296875,413.9934997558594,371.4840087890625,480.6552734375
892.0,350.1617736816406,406.1686706542969,368.3749084472656,478.5210266113281
893.0,349.2811279296875,406.1686706542969,364.7010498046875,484.83526611328125
894.0,349.31884765625,401.09381103515625,363.8539123535156,478.6321716308594
895.0,349.9635925292969,406.1686706542969,376.2956237792969,479.10821533203125
896.0,349.93243408203125,412.6021728515625,367.5719909667969,478.5308837890625
897.0,349.35406494140625,406.1795654296875,374.2370300292969,478.7049560546875
898.0,350.24072265625,415.8279113769531,367.7341003417969,478.31744384765625
899.0,349.9837341308594,427.6708679199219,362.35125732421875,477.26409912109375
