0,1,2,3
0.0,7712.99853515625,8046.95068359375,16814.662109375
1.0,7910.58447265625,12831.5263671875,10240.416015625
2.0,7613.39453125,10328.046875,10034.8623046875
3.0,7405.94189453125,7199.6728515625,9671.34375
4.0,7418.2275390625,7328.87158203125,10034.8623046875
5.0,9889.3017578125,7278.79931640625,10008.068359375
6.0,9236.078125,7424.74267578125,9796.9951171875
7.0,7724.1572265625,7328.119140625,9929.6015625
8.0,7628.67578125,7622.39794921875,9743.296875
9.0,7405.94189453125,7328.119140625,14487.9521484375
10.0,7605.69921875,7521.662109375,10580.63671875
11.0,7404.34765625,12002.3369140625,9708.40625
12.0,7612.0478515625,7295.8935546875,11873.02734375
13.0,7560.04736328125,7228.86181640625,11269.212890625
14.0,9236.078125,7265.14599609375,9720.662109375
15.0,8026.1015625,9600.4541015625,10707.759765625
16.0,22370.828125,7521.3935546875,10089.48046875
17.0,9420.388671875,7611.3515625,10060.0
18.0,8299.90234375,7438.74609375,9747.087890625
19.0,9889.3017578125,7341.07421875,10435.7373046875
20.0,7443.1005859375,7234.8017578125,9743.296875
21.0,9398.8134765625,7410.73974609375,13441.599609375
22.0,10779.9091796875,7854.724609375,11071.3515625
23.0,9305.2294921875,8755.783203125,9830.78125
24.0,8434.4384765625,7301.107421875,10080.2060546875
25.0,7504.99609375,7557.65087890625,9713.375
26.0,7380.24365234375,7194.673828125,9921.7255859375
27.0,8054.43798828125,9175.068359375,9848.1533203125
28.0,13824.6396484375,7311.1865234375,10104.12890625
29.0,9019.4453125,8959.8896484375,10060.0
30.0,7453.16015625,9976.6005859375,10033.869140625
31.0,7667.40185546875,7438.74609375,10462.8251953125
32.0,7497.90478515625,7228.86181640625,10909.7431640625
33.0,7355.53515625,7336.7197265625,10847.359375
34.0,7600.9990234375,7531.1767578125,9953.2666015625
35.0,7910.58447265625,7382.16943359375,10275.306640625
36.0,7564.66455078125,7224.64208984375,9929.78515625
37.0,7820.81982421875,8005.85546875,13335.271484375
38.0,7617.84716796875,7226.55029296875,10202.6171875
39.0,7629.5556640625,7633.5791015625,18504.025390625
40.0,7561.3115234375,7221.04052734375,10249.138671875
41.0,7520.27734375,7438.10107421875,9933.650390625
42.0,8915.1416015625,7444.39013671875,10246.1572265625
43.0,7474.04833984375,7226.55029296875,9671.34375
44.0,7662.0419921875,7206.68798828125,9690.6298828125
45.0,9386.1982421875,7280.0361328125,9900.2685546875
46.0,8915.1416015625,9556.5634765625,9697.990234375
47.0,7606.79833984375,7236.1455078125,9900.2685546875
48.0,7688.7021484375,7399.82763671875,9708.40625
49.0,7674.767578125,7229.9638671875,12502.0166015625
50.0,7628.67578125,7928.8251953125,10791.96875
51.0,8121.58251953125,7543.056640625,9824.23046875
52.0,8848.876953125,7209.4833984375,10783.908203125
53.0,7762.66259765625,9396.375,10037.40234375
54.0,7377.71533203125,7440.76171875,18447.826171875
55.0,7379.63916015625,7260.3349609375,10146.34375
56.0,7662.0419921875,10335.6533203125,10707.759765625
57.0,7473.63623046875,8972.0107421875,10400.478515625
58.0,9722.8837890625,7416.1689453125,12713.3486328125
59.0,7615.236328125,7873.10888671875,10591.97265625
60.0,7457.64013671875,7388.56591796875,9879.0322265625
61.0,7421.44287109375,7222.78759765625,9983.0048828125
62.0,7477.62109375,8069.76953125,9955.990234375
63.0,9503.9423828125,7352.22802734375,9765.6376953125
64.0,7628.67578125,7263.34521484375,323985.28125
65.0,7595.6669921875,7523.14013671875,9756.951171875
66.0,7375.21435546875,7531.1767578125,10182.853515625
67.0,7629.5556640625,8114.06298828125,10901.4619140625
68.0,127684.546875,7398.8330078125,10130.73828125
69.0,7361.279296875,8005.85546875,9867.107421875
70.0,7492.02294921875,7477.90625,9775.7587890625
71.0,7491.61083984375,10738.5166015625,10498.857421875
72.0,8309.9609375,7235.09716796875,9720.8095703125
73.0,7712.99853515625,7668.27734375,13340.498046875
74.0,7762.44287109375,7949.7626953125,10310.3076171875
75.0,7614.494140625,7671.8251953125,10120.54296875
76.0,7589.373046875,8428.9296875,9981.642578125
77.0,7388.98388671875,7229.9638671875,9959.265625
78.0,7386.373046875,7260.3349609375,9956.947265625
79.0,7394.2607421875,7405.2568359375,12712.576171875
80.0,7746.529296875,7382.5185546875,9756.693359375
81.0,7749.580078125,7917.966796875,10564.5166015625
82.0,7433.20654296875,7326.8828125,14209.857421875
83.0,7375.21435546875,7190.93798828125,18348.63671875
84.0,7678.615234375,7221.04052734375,16804.09765625
85.0,7394.2607421875,7221.04052734375,10086.2783203125
86.0,7403.962890625,7311.58984375,21359.689453125
87.0,7375.21435546875,7364.591796875,101718.6953125
88.0,9619.376953125,11474.4150390625,17935.580078125
89.0,7453.21533203125,7407.5146484375,10008.068359375
90.0,7404.34765625,9041.30078125,9912.9658203125
91.0,7458.7119140625,7412.37939453125,9822.2060546875
92.0,7375.21435546875,11759.796875,16369.4365234375
93.0,7460.5810546875,7382.16943359375,9877.19140625
94.0,7460.5810546875,7269.28515625,9995.88671875
95.0,7415.396484375,7237.16650390625,9871.818359375
96.0,11594.24609375,7228.86181640625,12709.0791015625
97.0,9127.5693359375,7521.3935546875,10024.4833984375
98.0,7647.97021484375,7555.04345703125,9877.19140625
99.0,7529.53955078125,7208.75732421875,10220.615234375
100.0,7394.2607421875,7301.107421875,9983.0048828125
101.0,7362.763671875,7476.91162109375,12682.6533203125
102.0,7568.48486328125,13371.0869140625,12709.9990234375
103.0,7520.27734375,7323.28125,9765.6376953125
104.0,7663.08642578125,8061.544921875,9682.9375
105.0,8096.98388671875,7388.13623046875,14198.7060546875
106.0,7621.1728515625,7381.578125,9743.296875
107.0,7394.2607421875,9258.87109375,9756.951171875
108.0,7962.419921875,8591.6982421875,18617.052734375
109.0,13766.3720703125,7449.5234375,10413.875
110.0,7606.166015625,7311.58984375,9909.1015625
111.0,7394.2607421875,7527.14501953125,10153.888671875
112.0,7456.2109375,7336.7197265625,11460.3017578125
113.0,7820.81982421875,7277.83203125,12281.005859375
114.0,7421.44287109375,7229.9638671875,9931.1474609375
115.0,7545.17822265625,7781.4306640625,18858.490234375
116.0,7923.447265625,7346.26123046875,9671.34375
117.0,7447.38818359375,7274.47216796875,12437.056640625
118.0,7585.3056640625,7228.86181640625,9921.7255859375
119.0,8804.1875,11786.271484375,12714.7099609375
120.0,8205.1630859375,7405.875,12259.4013671875
121.0,7394.37060546875,11242.9208984375,12084.875
122.0,7433.20654296875,7244.61181640625,9941.1953125
123.0,7375.21435546875,7695.82666015625,10193.5263671875
124.0,8205.8779296875,7274.47216796875,9944.3603515625
125.0,7608.72216796875,7383.13671875,9713.375
126.0,7581.4853515625,8426.21484375,10382.775390625
127.0,8332.5810546875,9184.39453125,10037.40234375
128.0,7561.2841796875,7228.86181640625,9682.9375
129.0,7482.81591796875,7959.7607421875,9933.650390625
130.0,7500.40576171875,7403.40234375,9965.19140625
131.0,7482.84326171875,7301.107421875,9929.6015625
132.0,7404.759765625,7586.8125,9983.0048828125
133.0,7569.2822265625,7410.73974609375,9789.1181640625
134.0,12417.1591796875,7564.7734375,10583.3603515625
135.0,9435.09375,7235.09716796875,9984.9189453125
136.0,7820.490234375,7430.84423828125,9849.5888671875
137.0,7436.724609375,7234.8017578125,11929.412109375
138.0,8336.0439453125,8442.7978515625,10146.34375
139.0,7545.17822265625,7217.734375,9828.0947265625
140.0,7511.2900390625,8234.5537109375,10037.2548828125
141.0,7726.658203125,7364.16162109375,9954.5546875
142.0,7375.21435546875,7416.1689453125,9743.296875
143.0,7867.021484375,7448.1796875,9912.33984375
144.0,7364.1376953125,7210.90771484375,9720.8095703125
145.0,7388.07666015625,13696.7578125,9756.951171875
146.0,7394.2607421875,9164.8544921875,9959.744140625
147.0,10193.033203125,7416.1689453125,17672.31640625
148.0,7608.6396484375,8683.8603515625,9936.92578125
149.0,7542.18212890625,7364.16162109375,12707.1650390625
150.0,7409.59716796875,7297.505859375,9723.6435546875
151.0,7509.14599609375,7364.16162109375,10901.4619140625
152.0,7613.39453125,7364.16162109375,11229.353515625
153.0,7974.3759765625,13972.4375,11900.7412109375
154.0,10879.8974609375,8485.1572265625,12713.3486328125
155.0,11236.728515625,7438.10107421875,10400.478515625
156.0,7872.65576171875,7228.86181640625,340191.5625
157.0,7538.0322265625,8838.833984375,9682.9375
158.0,8231.685546875,9996.248046875,10193.5263671875
159.0,7436.47705078125,7169.16748046875,9785.953125
160.0,12041.0068359375,7224.64208984375,18822.6796875
161.0,7436.47705078125,7208.75732421875,10159.703125
162.0,7383.734375,7331.98974609375,9824.23046875
163.0,13355.0947265625,12050.7158203125,9824.23046875
164.0,7460.5810546875,7671.8251953125,14114.6806640625
165.0,7588.46630859375,7410.73974609375,10069.126953125
166.0,7564.66455078125,7257.48583984375,10326.685546875
167.0,8739.021484375,7269.28515625,9916.0205078125
168.0,8629.220703125,8580.947265625,9756.693359375
169.0,7437.7138671875,8923.2021484375,11222.5810546875
170.0,7394.2333984375,7203.48974609375,11407.7451171875
171.0,7568.48486328125,7234.15625,10033.869140625
172.0,7364.1376953125,7662.57958984375,9720.662109375
173.0,7407.48095703125,11399.373046875,9682.9375
174.0,7792.62109375,7258.72216796875,10036.5556640625
175.0,7460.5810546875,7629.009765625,10325.029296875
176.0,7606.79833984375,10284.0224609375,9720.8095703125
177.0,7837.94287109375,7301.107421875,10175.82421875
178.0,7517.50146484375,8055.09423828125,9713.375
179.0,9046.078125,7394.3984375,18058.580078125
180.0,7608.6396484375,7235.09716796875,9956.947265625
181.0,7545.17822265625,7934.73828125,18591.400390625
182.0,7612.0478515625,7590.44091796875,9682.9375
183.0,7388.07666015625,7405.2568359375,10246.966796875
184.0,8434.712890625,7280.0361328125,9701.59765625
185.0,7497.767578125,8580.947265625,9803.5830078125
186.0,7404.759765625,9584.193359375,10488.8828125
187.0,7615.236328125,7332.09716796875,10750.599609375
188.0,7541.77001953125,7413.50830078125,9723.4228515625
189.0,7628.67578125,7235.09716796875,9916.0205078125
190.0,8220.169921875,8263.95703125,10359.6259765625
191.0,7648.79443359375,7515.39990234375,10089.48046875
192.0,7991.03125,7195.72216796875,70194.6171875
193.0,7494.9638671875,10124.6943359375,9963.9404296875
194.0,7415.396484375,12605.2470703125,10216.3828125
195.0,7390.13818359375,8787.41796875,11538.51171875
196.0,7415.396484375,7531.1767578125,9993.5673828125
197.0,9933.33203125,7225.26025390625,12671.5751953125
198.0,9098.6279296875,7432.64453125,18856.134765625
199.0,8237.126953125,7394.3984375,10153.888671875
200.0,7732.2373046875,7237.81201171875,9917.05078125
201.0,7437.7138671875,7332.09716796875,13996.501953125
202.0,7433.8662109375,8384.716796875,12823.541015625
203.0,7820.81982421875,7190.93798828125,9824.23046875
204.0,9223.765625,7280.0361328125,9671.34375
205.0,7497.90478515625,7311.1865234375,10727.0087890625
206.0,7663.08642578125,7328.119140625,9994.892578125
207.0,7356.79931640625,7309.30517578125,11033.9208984375
208.0,7569.501953125,7470.703125,9877.19140625
209.0,8022.00634765625,7728.29443359375,10276.2998046875
210.0,7458.7119140625,7328.87158203125,9720.8095703125
211.0,7605.69921875,7277.83203125,14257.8505859375
212.0,8171.82421875,7613.63623046875,11848.1474609375
213.0,7471.54736328125,7221.04052734375,14357.958984375
214.0,9176.107421875,7229.9638671875,9936.7412109375
215.0,7613.39453125,7241.68212890625,14419.8642578125
216.0,7606.79833984375,7794.654296875,11377.3076171875
217.0,13766.3720703125,7334.78466796875,14968.7666015625
218.0,11408.341796875,7335.0,9963.3876953125
219.0,7393.90380859375,7335.7255859375,9765.6376953125
220.0,7840.5537109375,7201.76953125,10405.0419921875
221.0,10712.3798828125,7531.1767578125,9955.328125
222.0,7410.88916015625,9409.2490234375,18828.677734375
223.0,7423.9990234375,7521.662109375,11377.3076171875
224.0,7816.28515625,7184.541015625,10026.69140625
225.0,7643.3251953125,7405.2568359375,9785.953125
226.0,7393.90380859375,9556.5634765625,9824.23046875
227.0,7462.4775390625,7515.39990234375,9713.375
228.0,7569.501953125,7234.8017578125,9948.6298828125
229.0,9540.5234375,7335.7255859375,9903.837890625
230.0,8365.177734375,7500.3486328125,9743.296875
231.0,7732.5400390625,7448.1796875,18822.826171875
232.0,10025.734375,7201.76953125,9900.2685546875
233.0,7569.501953125,7235.09716796875,9720.8095703125
234.0,7394.2607421875,7356.017578125,11218.1650390625
235.0,7394.2607421875,7205.9892578125,12685.59765625
236.0,7678.615234375,7421.1953125,9929.6015625
237.0,7404.759765625,7269.28515625,18258.833984375
238.0,7991.03125,13398.5009765625,12713.716796875
239.0,7404.759765625,7413.50830078125,10153.888671875
240.0,7423.9990234375,7820.294921875,9720.8095703125
241.0,10052.33984375,7502.39111328125,9953.2666015625
242.0,7663.08642578125,7437.13330078125,9963.3876953125
243.0,10786.33984375,7428.64013671875,9671.34375
244.0,7497.90478515625,7337.123046875,9720.8095703125
245.0,7393.90380859375,7208.75732421875,10402.2451171875
246.0,7726.658203125,7382.5185546875,9775.7587890625
247.0,10256.1923828125,7297.505859375,10783.908203125
248.0,7464.236328125,7382.16943359375,10860.1298828125
249.0,7683.177734375,9129.2158203125,14236.5771484375
250.0,7588.46630859375,7208.75732421875,12214.5732421875
251.0,7492.02294921875,7364.591796875,52764.40234375
252.0,7480.50732421875,7428.64013671875,12690.2353515625
253.0,7447.38818359375,7311.58984375,9888.1591796875
254.0,7409.59716796875,7424.74267578125,9671.34375
255.0,8294.8173828125,7588.02197265625,9944.43359375
256.0,7504.99609375,7210.1552734375,17502.685546875
257.0,11673.126953125,11242.9208984375,9963.3876953125
258.0,7684.41455078125,7527.81689453125,14266.5
259.0,7700.24560546875,7301.107421875,10003.0263671875
260.0,12696.59375,7260.3349609375,9948.6298828125
261.0,9400.90234375,7335.0,10086.4619140625
262.0,7569.2822265625,7509.08349609375,10134.1240234375
263.0,7423.9990234375,9455.828125,9789.1181640625
264.0,7352.92431640625,7276.8642578125,9720.8095703125
265.0,8012.359375,9256.1572265625,9723.6435546875
266.0,7688.7021484375,57709.515625,9941.416015625
267.0,7393.90380859375,7210.90771484375,10202.6171875
268.0,7602.01611328125,7258.72216796875,9822.2060546875
269.0,7616.17041015625,7470.703125,18829.74609375
270.0,8676.0546875,7432.45654296875,11646.9375
271.0,7492.02294921875,7911.97314453125,18773.544921875
272.0,8497.240234375,7346.0732421875,10806.8369140625
273.0,7973.33154296875,7476.91162109375,10582.1826171875
274.0,7976.95947265625,7696.76708984375,9743.296875
275.0,7724.48681640625,7224.64208984375,18501.265625
276.0,7642.28076171875,7226.55029296875,10129.8916015625
277.0,7561.2841796875,7383.13671875,10249.138671875
278.0,7421.44287109375,7280.0361328125,9910.3896484375
279.0,7471.54736328125,8809.6728515625,9671.34375
280.0,7355.53515625,7476.9384765625,12713.23828125
281.0,13786.408203125,14048.47265625,9948.482421875
282.0,7569.501953125,7328.119140625,10908.455078125
283.0,7722.7001953125,7249.9873046875,12667.673828125
284.0,8621.0029296875,7328.119140625,9723.6435546875
285.0,9068.0380859375,7228.86181640625,9929.78515625
286.0,7758.9248046875,7378.4873046875,9984.9189453125
287.0,7585.3056640625,7794.654296875,10359.6259765625
288.0,8243.943359375,7237.81201171875,9948.482421875
289.0,7404.34765625,8478.9482421875,18335.607421875
290.0,8358.6640625,7352.22802734375,14258.255859375
291.0,8231.685546875,7383.13671875,10268.7548828125
292.0,7867.021484375,7235.09716796875,9994.892578125
293.0,7380.24365234375,7190.93798828125,10498.857421875
294.0,7621.1728515625,7405.28369140625,9897.3974609375
295.0,9697.3505859375,7437.75146484375,10060.0
296.0,10371.572265625,7530.666015625,9708.5166015625
297.0,9122.814453125,7611.3515625,9723.4228515625
298.0,7853.99365234375,7432.45654296875,11926.9462890625
299.0,7436.47705078125,7315.4599609375,11441.1630859375
300.0,7604.70947265625,7854.724609375,9789.1181640625
301.0,7648.79443359375,7205.9892578125,9682.9375
302.0,7404.759765625,7182.55224609375,9743.296875
303.0,7366.556640625,7221.04052734375,9708.5166015625
304.0,7491.61083984375,7169.16748046875,9925.294921875
305.0,9183.3076171875,9096.5595703125,12688.1748046875
306.0,7460.5810546875,7237.16650390625,10420.794921875
307.0,7628.34619140625,7383.13671875,10134.1240234375
308.0,7684.41455078125,7443.7451171875,10343.0263671875
309.0,7409.4599609375,7202.73681640625,9720.8095703125
310.0,8558.201171875,7221.04052734375,9830.78125
311.0,12237.98828125,7234.8017578125,13460.5908203125
312.0,7770.82568359375,7190.615234375,10382.775390625
313.0,9088.404296875,8950.6435546875,9963.9404296875
314.0,13726.6298828125,7412.37939453125,9822.2060546875
315.0,7613.39453125,7222.78759765625,10182.853515625
316.0,7388.07666015625,10738.5166015625,11859.2998046875
317.0,7423.9990234375,7341.66552734375,9929.6015625
318.0,7569.2822265625,7224.64208984375,9929.6015625
319.0,7364.1376953125,7623.392578125,9756.951171875
320.0,7415.396484375,7206.68798828125,9955.328125
321.0,7492.02294921875,8787.41796875,9713.375
322.0,7571.12353515625,7234.15625,13596.326171875
323.0,7395.11279296875,7619.41455078125,9955.990234375
324.0,7482.84326171875,33731.7109375,138149.96875
325.0,7789.92724609375,7335.0,10103.9072265625
326.0,7564.66455078125,7228.86181640625,11398.7275390625
327.0,7359.1630859375,7399.82763671875,10011.234375
328.0,7538.4443359375,7189.19091796875,18832.02734375
329.0,7953.982421875,7550.2861328125,10036.5556640625
330.0,7359.1630859375,8846.5478515625,13371.78125
331.0,8243.943359375,7557.65087890625,10233.0546875
332.0,7423.9990234375,7291.99609375,12716.3662109375
333.0,9272.0,7588.02197265625,13067.7392578125
334.0,7375.21435546875,7616.7001953125,9701.59765625
335.0,7648.79443359375,7892.3798828125,10120.54296875
336.0,7569.2822265625,7334.78466796875,10750.599609375
337.0,8677.263671875,7500.3486328125,11301.8583984375
338.0,7976.82177734375,7278.58447265625,10400.478515625
339.0,7695.05078125,7219.5888671875,10721.15625
340.0,7792.62109375,7190.93798828125,9948.482421875
341.0,9610.1416015625,7226.55029296875,12716.55078125
342.0,7375.21435546875,7798.33642578125,10490.7236328125
343.0,7722.837890625,7221.04052734375,9785.953125
344.0,7629.5556640625,7278.79931640625,14814.5927734375
345.0,7467.58935546875,7588.02197265625,10080.2060546875
346.0,7504.99609375,11010.86328125,10509.9716796875
347.0,7403.46826171875,7698.6484375,24892.740234375
348.0,7606.166015625,7502.39111328125,9671.34375
349.0,7407.48095703125,8038.83349609375,10103.9072265625
350.0,7606.55078125,8340.9873046875,10854.8671875
351.0,7453.16015625,7229.9638671875,9671.34375
352.0,7497.90478515625,8237.1064453125,9701.59765625
353.0,7355.75537109375,7423.74853515625,9877.19140625
354.0,7872.65576171875,7445.4384765625,9884.1845703125
355.0,7606.55078125,7201.76953125,9959.265625
356.0,7509.14599609375,7328.119140625,12544.37890625
357.0,8064.52490234375,7229.9638671875,12665.35546875
358.0,7588.46630859375,7190.93798828125,10498.857421875
359.0,7764.75146484375,7941.56494140625,9993.5673828125
360.0,7447.38818359375,8613.6298828125,10403.0546875
361.0,7817.54931640625,7397.86572265625,15615.716796875
362.0,7355.53515625,7234.37158203125,9701.59765625
363.0,7724.1572265625,7374.45556640625,10036.5556640625
364.0,7464.236328125,7364.16162109375,18459.970703125
365.0,7421.44287109375,7201.76953125,10036.5556640625
366.0,7366.556640625,7263.34521484375,10060.0
367.0,7501.0107421875,7201.76953125,10653.326171875
368.0,7394.2607421875,7619.71044921875,18773.435546875
369.0,7492.02294921875,7216.20263671875,11932.6513671875
370.0,7520.27734375,12271.3515625,9838.8046875
371.0,7405.94189453125,9304.9658203125,9671.34375
372.0,7538.0322265625,7229.9638671875,16842.521484375
373.0,7404.34765625,7403.40234375,9987.9736328125
374.0,7621.1728515625,7352.22802734375,13916.48828125
375.0,7521.70654296875,7383.13671875,101718.6953125
376.0,7961.623046875,7521.662109375,10048.185546875
377.0,7429.3583984375,7500.3486328125,11523.900390625
378.0,7962.419921875,7388.13623046875,9720.662109375
379.0,7568.48486328125,7269.28515625,9765.6376953125
380.0,8001.4755859375,7428.64013671875,10153.9248046875
381.0,7409.4599609375,7513.4375,9955.990234375
382.0,13077.7216796875,8099.92578125,12436.91015625
383.0,7447.38818359375,9454.45703125,9813.15234375
384.0,7854.2412109375,7750.33349609375,11222.5810546875
385.0,7394.2607421875,7996.01806640625,12523.3271484375
386.0,7606.55078125,7588.02197265625,10089.48046875
387.0,7421.44287109375,7521.662109375,10847.359375
388.0,7377.77001953125,7382.16943359375,10240.416015625
389.0,7963.68408203125,7215.28857421875,9912.33984375
390.0,9502.3203125,7611.3515625,13450.6171875
391.0,7423.9716796875,7210.90771484375,9743.296875
392.0,7594.97998046875,7522.46826171875,10271.294921875
393.0,7617.84716796875,7248.93896484375,10176.890625
394.0,7400.63720703125,7221.04052734375,12709.04296875
395.0,17240.904296875,7184.541015625,10048.185546875
396.0,8225.666015625,7548.80810546875,9984.9189453125
397.0,7453.16015625,7673.81396484375,9955.328125
398.0,7407.48095703125,8591.6982421875,17052.822265625
399.0,14360.3671875,7557.65087890625,18117.689453125
400.0,7436.724609375,7221.04052734375,9960.443359375
401.0,7758.9248046875,7378.4873046875,10343.0263671875
402.0,7774.9482421875,7190.93798828125,15100.490234375
403.0,7390.0556640625,7398.0537109375,9765.6376953125
404.0,7388.07666015625,7226.55029296875,9785.953125
405.0,7383.734375,7278.79931640625,9774.8017578125
406.0,7492.02294921875,7335.7255859375,9998.3154296875
407.0,7400.63720703125,9164.8544921875,9671.34375
408.0,7606.166015625,7326.8828125,10176.890625
409.0,7388.98388671875,8879.015625,10237.32421875
410.0,7362.5439453125,7377.0087890625,10825.38671875
411.0,7624.9658203125,8657.3056640625,14127.1943359375
412.0,7371.42138671875,7216.20263671875,9933.650390625
413.0,12696.59375,7741.087890625,10086.4619140625
414.0,7820.490234375,7201.76953125,10221.53515625
415.0,7404.759765625,7260.3349609375,9671.34375
416.0,7356.79931640625,8846.5478515625,323985.28125
417.0,7937.35400390625,7437.13330078125,10103.9072265625
418.0,7605.69921875,7413.50830078125,11626.142578125
419.0,7456.2109375,7346.26123046875,10037.40234375
420.0,7460.5810546875,9921.314453125,11484.703125
421.0,7515.08251953125,8870.6298828125,9941.1953125
422.0,7604.70947265625,9546.404296875,10086.4619140625
423.0,14282.55859375,7229.9638671875,9877.19140625
424.0,7722.7001953125,7421.1953125,10795.5751953125
425.0,7520.27734375,10439.1044921875,9922.71875
426.0,7820.490234375,7224.64208984375,10490.7236328125
427.0,7478.748046875,7413.50830078125,12606.173828125
428.0,7429.3583984375,9440.9375,10159.703125
429.0,8254.7177734375,7285.51904296875,13859.4052734375
430.0,7394.2333984375,7226.55029296875,10127.5361328125
431.0,7364.1376953125,7465.54248046875,10048.185546875
432.0,7953.982421875,7274.47216796875,12644.2294921875
433.0,9185.69921875,7388.02880859375,17373.83203125
434.0,7600.9990234375,7364.591796875,9743.296875
435.0,7362.5439453125,7311.58984375,10595.8369140625
436.0,7588.46630859375,7216.20263671875,9910.3896484375
437.0,7492.02294921875,8820.3154296875,10203.611328125
438.0,7600.9990234375,7263.34521484375,12715.8515625
439.0,7404.759765625,7515.39990234375,9981.642578125
440.0,7414.51708984375,8016.2568359375,9708.5166015625
441.0,7515.08251953125,8046.60107421875,18444.328125
442.0,7423.9990234375,7405.28369140625,9803.5830078125
443.0,7604.70947265625,7237.16650390625,9720.8095703125
444.0,7480.50732421875,10624.93359375,10847.359375
445.0,7404.34765625,7445.4384765625,10103.9072265625
446.0,7379.63916015625,7445.4384765625,9960.443359375
447.0,7542.18212890625,8494.859375,9701.59765625
448.0,7415.396484375,7201.76953125,9671.34375
449.0,7482.78857421875,7463.0966796875,9723.6435546875
450.0,7394.2607421875,7465.54248046875,13402.8818359375
451.0,7377.77001953125,7438.10107421875,10161.837890625
452.0,10045.798828125,7364.16162109375,9984.9189453125
453.0,7393.90380859375,7260.3349609375,9963.9404296875
454.0,7409.4599609375,7222.78759765625,11047.6865234375
455.0,9350.2216796875,7352.22802734375,17494.478515625
456.0,7503.6767578125,7228.86181640625,14250.1953125
457.0,7393.90380859375,7335.0,10175.82421875
458.0,7436.47705078125,7405.2568359375,9998.3154296875
459.0,7395.11279296875,7616.7001953125,9944.43359375
460.0,11330.3955078125,7231.9794921875,10420.794921875
461.0,7531.10595703125,12707.9716796875,9983.0048828125
462.0,8309.9609375,7295.3828125,18765.81640625
463.0,7377.71533203125,7388.13623046875,9950.6533203125
464.0,8165.58544921875,7277.83203125,10086.2783203125
465.0,7684.41455078125,7841.2861328125,12606.173828125
466.0,9252.3486328125,7364.591796875,10094.375
467.0,8007.2470703125,7448.1796875,11377.3076171875
468.0,7792.62109375,7334.78466796875,10860.1298828125
469.0,9094.2587890625,7303.68798828125,17895.462890625
470.0,10396.5283203125,7362.2265625,10037.2548828125
471.0,8022.0888671875,7403.40234375,9948.6298828125
472.0,7631.94677734375,7269.28515625,9931.1474609375
473.0,7434.00341796875,11424.9873046875,11848.1474609375
474.0,7366.556640625,7235.09716796875,10268.7548828125
475.0,7631.94677734375,8536.626953125,12677.2431640625
476.0,7594.97998046875,7328.87158203125,9877.19140625
477.0,7421.44287109375,7531.1767578125,9973.5458984375
478.0,7428.369140625,8081.27294921875,9720.8095703125
479.0,7606.55078125,7365.90869140625,12506.69140625
480.0,7913.66259765625,8209.6650390625,10202.6171875
481.0,8848.876953125,7235.09716796875,9777.783203125
482.0,7515.08251953125,8912.55859375,9756.951171875
483.0,7643.544921875,7428.64013671875,12453.7666015625
484.0,9396.1201171875,7446.02978515625,9785.953125
485.0,16926.8125,9283.2763671875,9723.6435546875
486.0,7538.4443359375,7277.83203125,9897.3974609375
487.0,7436.47705078125,8392.349609375,10459.955078125
488.0,10511.7158203125,9976.6005859375,9743.296875
489.0,7394.37060546875,7237.16650390625,12712.6494140625
490.0,7937.35400390625,9369.9814453125,10472.5791015625
491.0,7390.0556640625,7234.8017578125,9959.744140625
492.0,13214.0712890625,7257.48583984375,10277.3310546875
493.0,7405.94189453125,8972.0107421875,10413.875
494.0,7377.77001953125,7399.50537109375,10237.32421875
495.0,8987.42578125,7432.45654296875,21359.689453125
496.0,10014.9609375,11067.2783203125,9903.8017578125
497.0,8146.978515625,7235.09716796875,9720.8095703125
498.0,7608.6396484375,7917.1875,14270.658203125
499.0,31887.353515625,7761.783203125,9903.837890625
500.0,7805.18115234375,7226.55029296875,9959.744140625
501.0,7355.61767578125,7448.1796875,11078.3447265625
502.0,7462.4775390625,8128.41552734375,9941.416015625
503.0,8111.02880859375,7405.2568359375,9743.296875
504.0,8848.876953125,7432.64453125,17472.28515625
505.0,7723.33251953125,7332.09716796875,9973.5458984375
506.0,7962.419921875,8151.26123046875,9756.951171875
507.0,7421.44287109375,9509.125,9941.1953125
508.0,7538.0322265625,8428.9296875,16152.2529296875
509.0,9272.0,7249.9873046875,9929.78515625
510.0,8063.59033203125,7656.31689453125,18055.599609375
511.0,7356.79931640625,7195.72216796875,10364.2265625
512.0,7724.1572265625,7278.58447265625,9723.4228515625
513.0,7595.6669921875,8110.72998046875,9824.23046875
514.0,7535.201171875,7169.16748046875,10036.5556640625
515.0,7404.759765625,12584.8740234375,9877.19140625
516.0,7403.46826171875,7463.28466796875,10221.53515625
517.0,7477.62109375,8637.630859375,9690.6298828125
518.0,7429.3583984375,13310.828125,9915.65234375
519.0,7394.2607421875,12927.6123046875,17458.115234375
520.0,7398.87841796875,7405.2568359375,9933.650390625
521.0,7678.615234375,7221.04052734375,10048.185546875
522.0,10010.31640625,7265.14599609375,11887.7861328125
523.0,7816.20263671875,7421.3564453125,18743.9921875
524.0,7447.38818359375,8024.53515625,9981.642578125
525.0,9119.9833984375,7798.578125,9944.3603515625
526.0,7362.763671875,7672.0400390625,11626.142578125
527.0,9186.2763671875,9139.40234375,9743.296875
528.0,7477.62109375,7337.6875,9789.1181640625
529.0,7394.2333984375,7269.28515625,10434.154296875
530.0,8205.8779296875,7405.0419921875,15912.140625
531.0,9054.48828125,7257.48583984375,10368.5322265625
532.0,7600.9990234375,7428.64013671875,9994.892578125
533.0,10427.0908203125,7394.3984375,11516.8701171875
534.0,7423.9990234375,7280.0361328125,13891.1298828125
535.0,7712.3935546875,8586.6455078125,9877.19140625
536.0,8115.48095703125,7280.0361328125,9701.59765625
537.0,7561.916015625,7446.02978515625,9708.5166015625
538.0,7770.82568359375,9210.6806640625,12548.20703125
539.0,8453.0732421875,8406.0576171875,11859.2998046875
540.0,7568.48486328125,9146.9013671875,12691.3759765625
541.0,7362.5439453125,7278.58447265625,10086.4619140625
542.0,7619.6337890625,7438.10107421875,9789.1181640625
543.0,7643.544921875,7449.5234375,9995.88671875
544.0,7443.73291015625,7206.68798828125,13585.8369140625
545.0,7545.17822265625,7235.09716796875,18691.5078125
546.0,7473.63623046875,7405.875,9720.662109375
547.0,7755.59912109375,9999.2314453125,9903.8017578125
548.0,13148.0263671875,8689.4501953125,9998.3154296875
549.0,7535.11865234375,7208.166015625,9897.3974609375
550.0,7437.7138671875,7237.16650390625,13585.8369140625
551.0,7405.94189453125,7311.58984375,10260.916015625
552.0,7460.5810546875,8473.4384765625,13045.6572265625
553.0,12572.0615234375,7384.4541015625,11651.0595703125
554.0,7473.63623046875,7445.4384765625,9987.9736328125
555.0,10867.2822265625,9923.5185546875,9713.375
556.0,21117.234375,8580.947265625,9950.6533203125
557.0,7595.6669921875,7452.82958984375,10403.0546875
558.0,7423.9990234375,7257.48583984375,11678.2216796875
559.0,7545.17822265625,8591.6982421875,9960.443359375
560.0,7581.4853515625,7229.9638671875,9743.296875
561.0,8820.5126953125,7287.85693359375,12671.0966796875
562.0,7662.0419921875,9587.203125,10080.2060546875
563.0,7616.17041015625,7315.4599609375,11071.3515625
564.0,7953.4599609375,7337.6875,10063.2021484375
565.0,7648.79443359375,7201.76953125,10658.404296875
566.0,7371.42138671875,7350.26611328125,9690.6298828125
567.0,9159.75390625,7210.1552734375,12537.8642578125
568.0,7569.2822265625,9587.203125,10086.2783203125
569.0,9082.8525390625,7315.4599609375,12650.228515625
570.0,7678.615234375,11398.6474609375,9960.443359375
571.0,7758.9248046875,7201.76953125,10037.40234375
572.0,7394.2607421875,7210.1552734375,10148.0361328125
573.0,8760.9267578125,8985.234375,13450.6171875
574.0,7403.962890625,10488.638671875,10246.966796875
575.0,8675.8896484375,9940.5849609375,10086.2783203125
576.0,7436.47705078125,7911.97314453125,9708.5166015625
577.0,7436.47705078125,7350.26611328125,10650.712890625
578.0,7457.64013671875,7364.16162109375,9941.416015625
579.0,7533.96435546875,7858.91748046875,9720.8095703125
580.0,7758.9248046875,8137.01611328125,9701.59765625
581.0,7364.1376953125,7531.1767578125,10034.8623046875
582.0,7542.12744140625,7515.39990234375,9914.953125
583.0,7356.79931640625,7377.9228515625,12710.8095703125
584.0,7415.396484375,7260.3349609375,11837.658203125
585.0,8652.5830078125,7190.93798828125,10420.794921875
586.0,8054.43798828125,7229.9638671875,10145.3125
587.0,9694.0517578125,7328.119140625,12651.0751953125
588.0,8309.9609375,7814.86572265625,13779.060546875
589.0,9264.689453125,7515.39990234375,9871.818359375
590.0,7726.658203125,7611.3515625,10034.8623046875
591.0,7511.2900390625,9118.7333984375,9981.642578125
592.0,7594.97998046875,7520.2109375,9846.0556640625
593.0,7377.77001953125,7422.5927734375,10741.1044921875
594.0,7961.623046875,7395.44677734375,9671.34375
595.0,8101.0517578125,13371.0869140625,16440.1015625
596.0,9320.4560546875,9556.5634765625,10080.2060546875
597.0,7511.2900390625,7244.61181640625,10037.40234375
598.0,7628.67578125,7388.13623046875,10104.3125
599.0,7643.544921875,7234.15625,9777.783203125
600.0,7881.01123046875,7928.8251953125,9936.92578125
601.0,9013.0966796875,23380.109375,9888.1591796875
602.0,7545.17822265625,7277.83203125,9983.0048828125
603.0,7640.54931640625,7241.68212890625,9944.43359375
604.0,7423.9990234375,7520.2109375,10130.73828125
605.0,7407.48095703125,7201.76953125,10094.375
606.0,7944.58251953125,7526.63427734375,9680.3984375
607.0,7795.64404296875,7269.28515625,9922.71875
608.0,8068.18017578125,7432.64453125,10490.7236328125
609.0,8146.978515625,7531.1767578125,9916.0205078125
610.0,7665.587890625,8141.58544921875,10249.138671875
611.0,7436.47705078125,11235.2607421875,9884.1845703125
612.0,7594.97998046875,7642.26025390625,10036.5556640625
613.0,7617.84716796875,7405.875,9994.892578125
614.0,7388.98388671875,7205.9892578125,10435.7373046875
615.0,7644.6171875,7403.40234375,12554.9052734375
616.0,7628.67578125,7311.1865234375,9720.8095703125
617.0,7684.41455078125,7911.97314453125,9680.3984375
618.0,7585.3056640625,7502.39111328125,10175.82421875
619.0,9131.857421875,7205.9892578125,10153.9248046875
620.0,7423.9990234375,7627.6123046875,9965.19140625
621.0,7697.4423828125,9940.5849609375,9701.59765625
622.0,7531.10595703125,7437.13330078125,9910.3896484375
623.0,7663.08642578125,7190.93798828125,10036.5556640625
624.0,7415.396484375,7223.27099609375,9973.5458984375
625.0,9088.9541015625,7303.68798828125,9915.65234375
626.0,7758.9248046875,7287.85693359375,10237.32421875
627.0,7473.63623046875,8225.9794921875,10034.8623046875
628.0,7616.17041015625,7656.31689453125,12672.23828125
629.0,7399.6201171875,9945.826171875,9743.296875
630.0,7585.3056640625,7337.6875,10846.0341796875
631.0,7561.3115234375,7270.279296875,9723.6435546875
632.0,7388.07666015625,7237.81201171875,10048.185546875
633.0,7680.5390625,7958.5244140625,9671.34375
634.0,7521.70654296875,7315.4599609375,10274.2392578125
635.0,7421.44287109375,7226.55029296875,10361.5029296875
636.0,7674.87744140625,7274.47216796875,14257.8505859375
637.0,14266.8095703125,7949.7626953125,9803.5830078125
638.0,7429.3583984375,7332.09716796875,70194.6171875
639.0,10025.734375,7257.48583984375,16789.302734375
640.0,7423.9990234375,7816.72021484375,14266.5
641.0,7962.419921875,10536.2109375,10060.0
642.0,7562.57568359375,7234.15625,16727.06640625
643.0,7415.396484375,7299.46826171875,18407.818359375
644.0,7375.21435546875,7235.09716796875,9933.650390625
645.0,7355.53515625,7201.76953125,9708.40625
646.0,9223.765625,7854.724609375,10343.0263671875
647.0,8857.205078125,7449.5234375,9682.9375
648.0,7366.83154296875,7449.5234375,10607.025390625
649.0,7561.3115234375,7234.15625,14270.7685546875
650.0,8397.5546875,7698.6484375,12199.5947265625
651.0,7602.01611328125,8137.01611328125,18735.931640625
652.0,7423.9990234375,7394.3984375,10825.865234375
653.0,7366.83154296875,7688.193359375,9713.375
654.0,7420.013671875,7333.95166015625,9785.953125
655.0,7600.9990234375,7226.55029296875,9921.7255859375
656.0,8211.044921875,10977.1591796875,9959.265625
657.0,7545.17822265625,7324.59814453125,13652.89453125
658.0,10586.720703125,7526.63427734375,11033.9208984375
659.0,7723.33251953125,7213.48779296875,10153.888671875
660.0,7409.4599609375,53618.71875,9775.7587890625
661.0,7561.3115234375,7500.3486328125,9903.837890625
662.0,8111.02880859375,8343.9443359375,13166.486328125
663.0,8933.171875,7280.0361328125,9720.8095703125
664.0,7617.84716796875,7378.083984375,9994.892578125
665.0,7379.63916015625,8950.6435546875,11856.7236328125
666.0,7447.38818359375,7210.1552734375,9723.6435546875
667.0,7645.55126953125,7526.63427734375,11052.69140625
668.0,7404.759765625,7234.8017578125,18606.89453125
669.0,7436.47705078125,7920.6005859375,9953.2666015625
670.0,9604.3154296875,7633.5791015625,10246.966796875
671.0,10212.6845703125,7277.83203125,9867.107421875
672.0,7501.0107421875,7522.46826171875,10237.32421875
673.0,7608.6396484375,7421.1953125,10008.068359375
674.0,7511.23486328125,7235.09716796875,14218.9853515625
675.0,7521.70654296875,7557.65087890625,9765.6376953125
676.0,7542.12744140625,10738.5166015625,18765.04296875
677.0,46627.30859375,7432.45654296875,9879.0322265625
678.0,7913.7451171875,7445.4384765625,9785.953125
679.0,8597.833984375,7331.98974609375,10220.615234375
680.0,7383.43212890625,7221.04052734375,14270.658203125
681.0,8143.84521484375,14255.5341796875,9680.3984375
682.0,7648.79443359375,7521.3935546875,18651.943359375
683.0,8210.384765625,10380.96875,10036.5556640625
684.0,7429.3583984375,7543.056640625,10120.064453125
685.0,10542.0859375,8110.72998046875,10310.3076171875
686.0,7840.5537109375,7410.73974609375,9914.953125
687.0,7457.64013671875,7194.673828125,9912.33984375
688.0,7366.83154296875,7398.75244140625,9922.71875
689.0,7643.3251953125,7423.74853515625,15895.6884765625
690.0,7792.62109375,7285.25,9720.662109375
691.0,7688.7021484375,7398.8330078125,9789.1181640625
692.0,8904.642578125,8920.0302734375,37602.00390625
693.0,14100.8583984375,7190.93798828125,9789.1181640625
694.0,7418.2275390625,7611.3515625,10080.2060546875
695.0,7867.021484375,7428.64013671875,9822.4638671875
696.0,7415.396484375,9256.85546875,9743.296875
697.0,7436.47705078125,7873.10888671875,10591.97265625
698.0,7443.1005859375,9421.2099609375,12255.57421875
699.0,127684.546875,7664.94482421875,10653.326171875
700.0,9650.4345703125,7221.04052734375,9931.1474609375
701.0,7503.6767578125,8580.947265625,9723.6435546875
702.0,7621.1728515625,7309.19775390625,11929.70703125
703.0,10734.5322265625,7219.5888671875,11535.9716796875
704.0,7355.53515625,7437.75146484375,9747.087890625
705.0,7383.734375,7229.9638671875,11873.02734375
706.0,10496.6259765625,7317.314453125,9963.9404296875
707.0,7405.94189453125,7328.119140625,10146.34375
708.0,7722.837890625,8537.9169921875,18464.53515625
709.0,8210.384765625,11105.283203125,10377.9541015625
710.0,8047.6767578125,7228.86181640625,9671.34375
711.0,22370.828125,8990.2607421875,10094.375
712.0,7562.57568359375,33731.7109375,9984.9189453125
713.0,7562.57568359375,7688.193359375,9929.6015625
714.0,7612.0478515625,7764.2021484375,9910.3896484375
715.0,7521.70654296875,7229.9638671875,9963.9404296875
716.0,7487.3505859375,7201.76953125,9994.892578125
717.0,7433.20654296875,7328.119140625,9912.9658203125
718.0,9394.279296875,7405.2568359375,9936.92578125
719.0,7510.32763671875,7794.654296875,10104.3125
720.0,11231.1767578125,7335.7255859375,9926.546875
721.0,7642.28076171875,7201.76953125,10237.32421875
722.0,12180.2431640625,12184.0,10509.9716796875
723.0,7721.38134765625,7384.4541015625,9723.4228515625
724.0,7421.44287109375,9467.2509765625,9822.4638671875
725.0,7393.90380859375,7184.541015625,10086.2783203125
726.0,7722.837890625,7206.68798828125,11441.1630859375
727.0,8558.201171875,7237.16650390625,9682.9375
728.0,7491.61083984375,7190.93798828125,10030.77734375
729.0,7513.5986328125,7285.25,10400.478515625
730.0,7588.46630859375,7199.6728515625,11859.2998046875
731.0,9619.376953125,12421.8369140625,18756.947265625
732.0,7487.81787109375,7237.81201171875,9824.23046875
733.0,8217.61328125,7287.85693359375,9777.783203125
734.0,7606.55078125,7692.359375,10783.908203125
735.0,7600.806640625,7226.55029296875,9936.92578125
736.0,7398.87841796875,7226.55029296875,10034.8623046875
737.0,7663.08642578125,7280.0361328125,9917.05078125
738.0,7631.94677734375,7226.55029296875,9917.05078125
739.0,7896.5947265625,7269.28515625,11021.37109375
740.0,7606.79833984375,7201.76953125,9720.8095703125
741.0,7375.21435546875,7190.93798828125,9955.328125
742.0,7393.90380859375,7269.28515625,10026.6552734375
743.0,7429.3583984375,7269.28515625,10034.8623046875
744.0,7380.24365234375,9469.1591796875,13859.4052734375
745.0,7409.4599609375,9175.068359375,18727.908203125
746.0,7404.34765625,10013.6376953125,11135.5751953125
747.0,7377.77001953125,7403.40234375,10080.2060546875
748.0,7462.4775390625,7422.5927734375,10704.7412109375
749.0,7457.64013671875,7527.14501953125,12491.34375
750.0,7604.70947265625,7531.1767578125,9747.087890625
751.0,12279.16015625,8230.2529296875,9765.6376953125
752.0,7561.916015625,7226.55029296875,9822.2060546875
753.0,7482.81591796875,9385.8662109375,10037.40234375
754.0,7872.65576171875,7234.8017578125,9803.5830078125
755.0,7482.84326171875,7611.3515625,12379.9365234375
756.0,10052.33984375,7350.26611328125,16451.25390625
757.0,7482.81591796875,7588.02197265625,10669.4091796875
758.0,7631.94677734375,7221.04052734375,9984.9189453125
759.0,7991.03125,7588.02197265625,9720.662109375
760.0,8215.1123046875,7221.04052734375,9963.9404296875
761.0,7542.12744140625,7208.75732421875,10413.875
762.0,8437.0224609375,7234.15625,9775.7587890625
763.0,12989.798828125,7377.0087890625,9933.650390625
764.0,10402.2451171875,7476.9384765625,9941.416015625
765.0,7923.447265625,7303.68798828125,9777.783203125
766.0,8612.318359375,7315.4599609375,10795.5751953125
767.0,7394.2607421875,7364.591796875,9922.71875
768.0,9019.4453125,7237.81201171875,10246.1572265625
769.0,7608.6396484375,11031.7470703125,12281.005859375
770.0,7582.77685546875,7235.09716796875,12092.861328125
771.0,7407.48095703125,7202.73681640625,9950.6533203125
772.0,7423.9990234375,37645.4921875,18835.634765625
773.0,7572.47021484375,9198.021484375,9720.8095703125
774.0,7492.02294921875,7383.13671875,13216.025390625
775.0,7421.44287109375,12584.8740234375,9720.662109375
776.0,7754.39013671875,7399.50537109375,11021.37109375
777.0,7515.08251953125,7201.76953125,9993.5673828125
778.0,7582.77685546875,7783.0966796875,14968.7666015625
779.0,8570.7890625,7664.94482421875,12640.9169921875
780.0,7450.93408203125,10497.884765625,9936.92578125
781.0,7631.94677734375,7398.75244140625,10156.869140625
782.0,7497.767578125,12852.060546875,18444.328125
783.0,7632.44140625,7285.51904296875,10048.185546875
784.0,7375.21435546875,7522.46826171875,9713.375
785.0,7513.5986328125,7552.3828125,9981.642578125
786.0,7628.67578125,7622.39794921875,18006.244140625
787.0,7582.77685546875,7398.8330078125,9959.744140625
788.0,7482.81591796875,7228.86181640625,10402.2451171875
789.0,7421.44287109375,7395.44677734375,9789.1181640625
790.0,7375.21435546875,7595.57470703125,10011.234375
791.0,7377.71533203125,7390.3935546875,10254.76953125
792.0,11706.35546875,8757.7451171875,12570.546875
793.0,8662.5869140625,7201.76953125,11033.84765625
794.0,7454.69921875,7493.2529296875,9948.482421875
795.0,7382.7998046875,7388.13623046875,9867.84375
796.0,8615.3408203125,7258.72216796875,12712.9072265625
797.0,7688.7021484375,7390.3935546875,10364.2265625
798.0,7561.3115234375,7548.80810546875,10048.185546875
799.0,8194.1416015625,7381.578125,13238.7333984375
800.0,9809.404296875,7216.20263671875,10276.2998046875
801.0,7581.4853515625,7210.90771484375,9785.953125
802.0,8020.02734375,7223.27099609375,9765.6376953125
803.0,7663.08642578125,7280.0361328125,10030.77734375
804.0,7569.2822265625,7237.81201171875,9850.177734375
805.0,7809.77099609375,7277.83203125,9682.9375
806.0,8670.337890625,7206.68798828125,9993.5673828125
807.0,7792.62109375,7394.3984375,10739.81640625
808.0,7404.759765625,7388.13623046875,10024.4833984375
809.0,11788.4794921875,7557.65087890625,11651.0595703125
810.0,7497.90478515625,9181.357421875,10156.869140625
811.0,7684.41455078125,7673.81396484375,10402.2451171875
812.0,7684.41455078125,7248.93896484375,10005.6025390625
813.0,7447.38818359375,12606.859375,10037.40234375
814.0,7410.88916015625,7437.75146484375,18665.33984375
815.0,7520.27734375,7917.1875,9929.6015625
816.0,7923.447265625,7438.10107421875,14219.05859375
817.0,7421.44287109375,7333.95166015625,9960.443359375
818.0,8169.40576171875,7520.2109375,11199.6884765625
819.0,7595.6669921875,8055.09423828125,10564.111328125
820.0,7520.27734375,7428.64013671875,10094.375
821.0,7642.28076171875,8429.171875,11107.19921875
822.0,8979.5380859375,7229.9638671875,9796.9951171875
823.0,11015.7802734375,7229.9638671875,10150.796875
824.0,8475.1708984375,7190.93798828125,10104.12890625
825.0,7520.27734375,7248.93896484375,10244.869140625
826.0,13442.1103515625,7364.591796875,9929.6015625
827.0,7473.63623046875,7749.7958984375,9850.177734375
828.0,7473.63623046875,7350.26611328125,9912.9658203125
829.0,7453.16015625,7206.68798828125,12700.3564453125
830.0,8442.1064453125,7563.3486328125,12615.890625
831.0,7996.06103515625,7398.75244140625,18427.767578125
832.0,7571.89306640625,11667.9306640625,10146.34375
833.0,9791.072265625,7297.505859375,11229.353515625
834.0,7433.8662109375,7398.8330078125,9915.65234375
835.0,7451.6484375,9945.826171875,10274.2392578125
836.0,7433.20654296875,7445.4384765625,10060.0
837.0,7569.501953125,7341.66552734375,12675.072265625
838.0,7415.396484375,7410.73974609375,10024.4833984375
839.0,11612.38671875,7265.14599609375,11752.2724609375
840.0,7663.08642578125,9030.603515625,9917.05078125
841.0,7394.2607421875,7858.91748046875,10175.82421875
842.0,8600.6923828125,7186.341796875,10037.40234375
843.0,7996.06103515625,7563.83251953125,11484.703125
844.0,7684.41455078125,7364.591796875,12557.5546875
845.0,7471.54736328125,7520.2109375,9950.6533203125
846.0,7595.6669921875,7258.72216796875,9822.4638671875
847.0,8750.2626953125,10335.6533203125,9756.693359375
848.0,7398.87841796875,7303.68798828125,9914.953125
849.0,7660.00830078125,7440.76171875,9743.296875
850.0,7393.90380859375,7234.8017578125,10127.5361328125
851.0,7383.734375,7394.3984375,10120.064453125
852.0,8358.6640625,7201.76953125,18860.478515625
853.0,11127.615234375,7468.8486328125,9777.783203125
854.0,7394.2607421875,7595.57470703125,9773.6240234375
855.0,7377.71533203125,37645.4921875,13441.599609375
856.0,7515.08251953125,7352.22802734375,9995.88671875
857.0,8788.98828125,7382.5185546875,17680.451171875
858.0,7402.91845703125,7221.04052734375,10080.2060546875
859.0,7732.2373046875,7390.3935546875,14256.0107421875
860.0,10082.2431640625,9217.8837890625,10595.8369140625
861.0,7726.658203125,7226.55029296875,9849.5888671875
862.0,7619.6337890625,7244.61181640625,18834.19921875
863.0,7543.583984375,7531.1767578125,9917.7138671875
864.0,7421.44287109375,7301.107421875,305125.03125
865.0,7375.21435546875,7186.341796875,14659.9404296875
866.0,7763.54248046875,7241.68212890625,10274.275390625
867.0,10496.6259765625,9002.140625,10488.8828125
868.0,7606.79833984375,7383.13671875,10037.40234375
869.0,7400.63720703125,10882.255859375,13450.6171875
870.0,7473.63623046875,8404.955078125,9785.953125
871.0,7521.70654296875,10934.2900390625,13779.060546875
872.0,7963.68408203125,7448.1796875,14157.4482421875
873.0,7473.63623046875,7287.72265625,10413.875
874.0,7482.84326171875,8404.955078125,9682.9375
875.0,7395.11279296875,7416.1689453125,9747.087890625
876.0,7604.70947265625,8406.0576171875,15895.6884765625
877.0,7872.65576171875,7311.1865234375,9959.265625
878.0,7631.94677734375,7965.59326171875,18812.8515625
879.0,7605.69921875,7201.76953125,9708.5166015625
880.0,9669.728515625,7260.3349609375,13446.7158203125
881.0,7606.166015625,8130.7001953125,10193.5263671875
882.0,8313.0390625,7423.74853515625,9877.19140625
883.0,7368.97509765625,13176.4951171875,12715.7041015625
884.0,7723.33251953125,7704.96484375,10080.2060546875
885.0,7390.0556640625,7274.47216796875,9926.546875
886.0,7407.48095703125,7362.2265625,9879.0322265625
887.0,9671.212890625,7190.93798828125,10607.025390625
888.0,7722.7001953125,7364.591796875,9671.34375
889.0,7407.48095703125,7235.09716796875,10860.1298828125
890.0,7393.90380859375,7184.541015625,10233.0546875
891.0,7889.61376953125,7683.59716796875,9983.0048828125
892.0,7913.88232421875,7228.86181640625,9720.662109375
893.0,7407.48095703125,7280.0361328125,11135.244140625
894.0,7418.2275390625,7269.28515625,9777.783203125
895.0,7415.396484375,7201.76953125,9708.5166015625
896.0,7460.55322265625,8138.60205078125,11269.212890625
897.0,8771.123046875,7580.388671875,9824.23046875
898.0,7581.4853515625,7241.68212890625,10034.8623046875
899.0,7407.5634765625,9422.7421875,9867.14453125
900.0,7466.57275390625,7741.087890625,9671.34375
901.0,7387.60986328125,7362.2265625,13981.5224609375
902.0,7976.82177734375,7210.1552734375,13335.271484375
903.0,7608.6396484375,7236.1455078125,9822.4638671875
904.0,7443.1005859375,11504.6787109375,10400.478515625
905.0,7628.67578125,7741.087890625,9965.19140625
906.0,7398.87841796875,14255.5341796875,10221.53515625
907.0,7608.2001953125,8062.80810546875,9850.177734375
908.0,7612.0478515625,7421.3564453125,9994.892578125
909.0,7617.84716796875,7248.93896484375,16568.66015625
910.0,7663.08642578125,7258.72216796875,340191.5625
911.0,9575.7587890625,57709.515625,12863.2900390625
912.0,7423.9990234375,7265.14599609375,9989.5927734375
913.0,7746.529296875,7590.44091796875,12701.8291015625
914.0,7421.44287109375,7224.64208984375,10472.5791015625
915.0,7436.47705078125,7486.9638671875,10498.857421875
916.0,9804.3203125,7356.017578125,11516.8701171875
917.0,7789.92724609375,7656.31689453125,9900.2685546875
918.0,10357.224609375,7394.3984375,9944.3603515625
919.0,7364.1376953125,7428.64013671875,10146.34375
920.0,7425.26318359375,7227.3564453125,10104.3125
921.0,7629.5556640625,7237.81201171875,9960.443359375
922.0,7663.08642578125,8016.2568359375,9720.662109375
923.0,7646.84326171875,9193.962890625,12684.015625
924.0,7409.59716796875,7189.19091796875,9824.23046875
925.0,8549.6806640625,7234.15625,9671.34375
926.0,7724.48681640625,7722.4619140625,14273.6025390625
927.0,8411.4619140625,8126.0771484375,9944.43359375
928.0,7457.64013671875,7311.58984375,9849.5888671875
929.0,7394.2607421875,8357.1943359375,10402.2451171875
930.0,7398.87841796875,7228.86181640625,10036.5556640625
931.0,7404.759765625,9921.4755859375,10582.1826171875
932.0,7464.7861328125,7209.4833984375,9956.947265625
933.0,7447.38818359375,7446.02978515625,10063.2021484375
934.0,7643.3251953125,7526.63427734375,11269.212890625
935.0,7429.3583984375,7290.06103515625,9846.0556640625
936.0,7352.92431640625,7561.25244140625,9884.1845703125
937.0,7415.396484375,7276.8642578125,9989.5927734375
938.0,7658.744140625,7548.80810546875,9994.892578125
939.0,46627.30859375,7234.15625,9900.2685546875
940.0,7605.69921875,9546.404296875,9785.953125
941.0,7359.1630859375,7438.74609375,9944.43359375
942.0,7364.1376953125,7423.74853515625,9838.8046875
943.0,9809.404296875,7285.51904296875,10707.759765625
944.0,7364.1376953125,12103.099609375,9777.783203125
945.0,7415.396484375,7464.01025390625,10037.2548828125
946.0,7429.3583984375,7432.45654296875,9879.0322265625
947.0,7571.89306640625,7394.3984375,14268.7080078125
948.0,7600.9990234375,9584.193359375,10564.111328125
949.0,8597.833984375,9159.18359375,16446.65234375
950.0,7569.2822265625,7210.90771484375,9914.953125
951.0,7722.7001953125,10328.046875,9981.642578125
952.0,7361.279296875,8757.7451171875,10237.32421875
953.0,10680.580078125,7223.27099609375,10003.0263671875
954.0,7497.90478515625,8046.95068359375,9936.92578125
955.0,7595.6123046875,7260.3349609375,10770.51171875
956.0,10193.033203125,8209.6650390625,11202.228515625
957.0,7415.396484375,8458.3330078125,10580.63671875
958.0,7364.1376953125,7287.85693359375,9828.0947265625
959.0,7447.38818359375,7741.087890625,9879.0322265625
960.0,7460.5810546875,7237.81201171875,9910.3896484375
961.0,7561.3115234375,7291.99609375,14148.578125
962.0,7608.72216796875,7189.19091796875,9956.947265625
963.0,7447.38818359375,8334.537109375,9891.802734375
964.0,7418.2275390625,7229.9638671875,18307.89453125
965.0,7473.63623046875,7309.19775390625,10283.072265625
966.0,7456.2109375,7221.04052734375,12436.91015625
967.0,7487.3505859375,7672.0400390625,9720.662109375
968.0,7608.6396484375,7337.6875,9994.892578125
969.0,7854.2412109375,7257.48583984375,9697.990234375
970.0,7631.94677734375,7341.66552734375,9900.2685546875
971.0,7953.982421875,7258.72216796875,18760.884765625
972.0,7595.6123046875,7299.46826171875,10036.5556640625
973.0,8017.05908203125,75539.25,15672.80078125
974.0,8009.77587890625,7216.20263671875,9917.05078125
975.0,7436.47705078125,7226.55029296875,14968.7666015625
976.0,13442.1103515625,7203.24755859375,11106.6103515625
977.0,13482.2373046875,7235.09716796875,9796.9951171875
978.0,7436.47705078125,7531.1767578125,18459.896484375
979.0,7356.22216796875,7285.25,10472.5791015625
980.0,10850.4892578125,7301.107421875,12707.865234375
981.0,7405.94189453125,7351.39501953125,10610.4482421875
982.0,7480.31494140625,7374.45556640625,10060.0
983.0,7695.05078125,7206.68798828125,10359.6259765625
984.0,7436.47705078125,7413.50830078125,12851.5126953125
985.0,7393.90380859375,9473.8349609375,9713.375
986.0,7415.396484375,8442.7978515625,9765.6376953125
987.0,7394.2607421875,7224.64208984375,10462.8251953125
988.0,7511.2900390625,7382.5185546875,13335.271484375
989.0,7684.41455078125,7383.13671875,9756.951171875
990.0,7963.68408203125,7299.46826171875,13135.4970703125
991.0,7854.2412109375,8362.2470703125,10103.9072265625
992.0,7792.62109375,7382.5185546875,9756.951171875
993.0,7375.21435546875,7341.66552734375,9813.15234375
994.0,8804.1875,7209.4833984375,9956.947265625
995.0,7594.97998046875,7201.76953125,10564.111328125
996.0,8739.021484375,7229.9638671875,9929.6015625
997.0,7450.93408203125,8020.85302734375,9981.642578125
998.0,11902.9521484375,7202.73681640625,18521.912109375
999.0,8217.61328125,9515.3603515625,9765.6376953125
1000.0,10045.798828125,7912.85986328125,9824.23046875
1001.0,7722.837890625,7323.28125,10707.759765625
1002.0,7606.79833984375,7668.0625,10011.234375
1003.0,7724.1572265625,7190.615234375,9994.892578125
1004.0,8549.6806640625,7285.25,10089.48046875
1005.0,7355.75537109375,7186.341796875,9917.05078125
1006.0,7773.32666015625,7601.3798828125,9777.783203125
1007.0,7453.16015625,7195.72216796875,9955.990234375
1008.0,8346.845703125,13623.8935546875,305125.03125
1009.0,7460.5810546875,8114.06298828125,10216.3828125
1010.0,7403.46826171875,7244.61181640625,11932.6513671875
1011.0,8437.0224609375,10124.962890625,9888.1591796875
1012.0,7409.59716796875,7186.341796875,10472.5791015625
1013.0,7788.33349609375,7264.5009765625,9671.34375
1014.0,11127.615234375,7248.93896484375,9960.443359375
1015.0,8108.3349609375,7413.50830078125,14268.7080078125
1016.0,7460.55322265625,8400.708984375,10271.294921875
1017.0,7390.0556640625,7469.35888671875,18832.02734375
1018.0,7513.5986328125,12597.8828125,9777.783203125
1019.0,7795.287109375,10832.828125,9785.953125
1020.0,7390.13818359375,7563.83251953125,9884.1845703125
1021.0,7474.04833984375,7311.1865234375,10220.615234375
1022.0,7409.4599609375,7275.49365234375,14273.4921875
1023.0,13726.6298828125,7794.654296875,9789.1181640625
1024.0,10841.6943359375,7616.7001953125,10453.9189453125
1025.0,7872.65576171875,7328.87158203125,10037.40234375
1026.0,8078.45947265625,7399.50537109375,13450.6171875
1027.0,7436.724609375,7326.8828125,9838.8046875
1028.0,7364.1376953125,7257.48583984375,9948.482421875
1029.0,7538.4443359375,7695.82666015625,11535.9716796875
1030.0,7404.759765625,7225.98583984375,9984.9189453125
1031.0,11867.96484375,7276.8642578125,10221.53515625
1032.0,8922.7822265625,7203.24755859375,9803.5830078125
1033.0,8117.78955078125,7334.78466796875,18306.900390625
1034.0,14186.912109375,7412.37939453125,9756.951171875
1035.0,7390.13818359375,7962.6904296875,12398.486328125
1036.0,7404.759765625,8942.04296875,9978.0732421875
1037.0,7647.97021484375,7515.39990234375,17435.7734375
1038.0,9443.50390625,14036.0556640625,13764.890625
1039.0,8123.09423828125,7278.79931640625,18835.892578125
1040.0,7511.2900390625,7335.7255859375,9756.693359375
1041.0,7482.81591796875,7335.7255859375,9941.1953125
1042.0,7816.20263671875,7203.24755859375,11033.84765625
1043.0,10600.16015625,7237.81201171875,10403.0546875
1044.0,7366.83154296875,7513.4375,9960.443359375
1045.0,7616.17041015625,7295.83984375,9789.1181640625
1046.0,7561.2841796875,9189.447265625,9987.9736328125
1047.0,7761.041015625,7500.3486328125,9838.8046875
1048.0,7362.5439453125,7422.5927734375,12534.552734375
1049.0,7423.9990234375,7438.10107421875,12430.2119140625
1050.0,8158.21923828125,8426.21484375,13916.48828125
1051.0,7610.04150390625,7352.22802734375,9917.05078125
1052.0,7527.12109375,7237.81201171875,9909.1015625
1053.0,7366.556640625,7297.21044921875,11162.9951171875
1054.0,7415.396484375,7280.0361328125,18501.265625
1055.0,7487.81787109375,8924.3037109375,9900.2685546875
1056.0,7684.41455078125,10124.6943359375,9720.662109375
1057.0,13772.171875,7842.01171875,10246.1572265625
1058.0,7383.43212890625,9391.45703125,9765.6376953125
1059.0,8194.1416015625,7493.2529296875,12851.5126953125
1060.0,7421.44287109375,7664.03076171875,18853.705078125
1061.0,7678.615234375,7297.21044921875,9773.6240234375
1062.0,7421.44287109375,7231.9794921875,10420.794921875
1063.0,7355.61767578125,9068.2041015625,9973.5458984375
1064.0,7474.04833984375,7346.26123046875,9921.7255859375
1065.0,7973.33154296875,7309.19775390625,9965.19140625
1066.0,8064.52490234375,7423.74853515625,9953.2666015625
1067.0,8096.98388671875,9421.2099609375,10080.2060546875
1068.0,7366.556640625,7311.1865234375,10175.82421875
1069.0,7569.501953125,7463.28466796875,10892.62890625
1070.0,7746.529296875,9361.3271484375,12647.65234375
1071.0,7364.1376953125,7959.7607421875,10400.478515625
1072.0,7450.93408203125,8091.80859375,13211.4609375
1073.0,8111.193359375,12184.0,13820.4658203125
1074.0,7473.63623046875,7331.98974609375,9926.546875
1075.0,7460.5810546875,8959.8896484375,9959.744140625
1076.0,7409.4599609375,7646.21142578125,9959.744140625
1077.0,7694.19921875,7642.26025390625,9877.19140625
1078.0,7732.2373046875,8715.19921875,9765.6376953125
1079.0,8937.2666015625,7398.0537109375,9914.953125
1080.0,8795.501953125,7446.02978515625,12612.9462890625
1081.0,7409.4599609375,7463.28466796875,12604.73828125
1082.0,7535.11865234375,7277.83203125,18832.02734375
1083.0,7629.5556640625,7422.5927734375,16955.0703125
1084.0,8549.6806640625,8107.98876953125,10104.3125
1085.0,10401.8603515625,7394.3984375,10276.6318359375
1086.0,7364.1376953125,7382.16943359375,10060.0
1087.0,7404.759765625,7399.82763671875,9765.6376953125
1088.0,7538.0322265625,9659.0732421875,10037.40234375
1089.0,7492.02294921875,7229.9638671875,10005.6025390625
1090.0,9919.177734375,7205.9892578125,16842.521484375
1091.0,7410.88916015625,7798.578125,17431.578125
1092.0,12696.59375,7424.74267578125,9701.59765625
1093.0,8518.87109375,8990.2607421875,10368.5322265625
1094.0,7561.3115234375,7557.65087890625,9973.5458984375
1095.0,9698.2021484375,9710.892578125,10509.9716796875
1096.0,7395.11279296875,7260.3349609375,9765.6376953125
1097.0,10052.33984375,8394.3115234375,12402.7919921875
1098.0,7400.63720703125,7265.14599609375,10104.12890625
1099.0,7647.97021484375,11636.484375,10089.48046875
1100.0,7571.89306640625,7333.95166015625,10216.3828125
1101.0,7407.48095703125,7437.13330078125,10490.7236328125
1102.0,7362.5439453125,7377.9228515625,9900.2685546875
1103.0,8468.7119140625,7208.75732421875,9822.2060546875
1104.0,7491.61083984375,7949.7626953125,18344.18359375
1105.0,8801.494140625,8329.591796875,9785.953125
1106.0,7460.55322265625,7418.85693359375,9959.744140625
1107.0,7394.37060546875,7315.4599609375,10268.7548828125
1108.0,7423.9990234375,10807.537109375,9987.9736328125
1109.0,7409.4599609375,8011.47265625,18444.328125
1110.0,7582.77685546875,233570.21875,9777.783203125
1111.0,8358.6640625,7424.74267578125,10060.0
1112.0,7390.13818359375,7731.43896484375,9929.78515625
1113.0,7678.615234375,7794.654296875,10658.404296875
1114.0,8686.71875,7280.0361328125,9720.8095703125
1115.0,12597.705078125,7477.90625,9998.3154296875
1116.0,7359.1630859375,7501.66552734375,9701.59765625
1117.0,7412.73046875,7520.2109375,10498.857421875
1118.0,7364.1376953125,7749.7958984375,12823.541015625
1119.0,7423.9990234375,12506.5,13981.5224609375
1120.0,7399.6201171875,7265.14599609375,12639.1142578125
1121.0,14390.7919921875,7297.505859375,9912.9658203125
1122.0,11611.9736328125,7367.0107421875,12686.62890625
1123.0,7606.55078125,7224.64208984375,9765.6376953125
1124.0,7415.369140625,7502.33740234375,10434.154296875
1125.0,7390.13818359375,9278.5185546875,9720.662109375
1126.0,8243.6689453125,7561.41357421875,9682.9375
1127.0,7595.6669921875,8204.31640625,9671.34375
1128.0,7437.7138671875,11250.1240234375,9756.951171875
1129.0,7648.79443359375,7438.15478515625,9713.375
1130.0,7701.20751953125,7189.19091796875,10037.40234375
1131.0,9040.2509765625,10439.1044921875,17704.59375
1132.0,7423.9990234375,9659.0732421875,9909.1015625
1133.0,8243.943359375,7237.81201171875,9756.951171875
1134.0,7366.83154296875,8778.4140625,9756.951171875
1135.0,8518.87109375,7364.591796875,17222.970703125
1136.0,7515.08251953125,7421.1953125,11837.658203125
1137.0,7628.67578125,7438.10107421875,9713.375
1138.0,8254.7177734375,7225.26025390625,9708.40625
1139.0,8811.7177734375,7394.3984375,9822.4638671875
1140.0,7515.08251953125,8126.0771484375,10509.9716796875
1141.0,7585.3056640625,7422.5927734375,9720.662109375
1142.0,7722.837890625,7432.45654296875,18805.455078125
1143.0,8194.1416015625,11857.361328125,10361.5029296875
1144.0,7646.84326171875,7588.02197265625,10086.2783203125
1145.0,7404.759765625,7448.1796875,13402.8818359375
1146.0,8112.40283203125,10596.1748046875,11926.9462890625
1147.0,7460.5810546875,7280.0361328125,10216.3828125
1148.0,10878.8251953125,9923.5185546875,9785.953125
1149.0,7542.18212890625,7257.48583984375,9713.375
1150.0,7355.61767578125,7260.3349609375,9995.88671875
1151.0,7648.79443359375,7565.2568359375,17093.234375
1152.0,7643.3251953125,7423.74853515625,9909.1015625
1153.0,7415.396484375,7331.98974609375,10806.984375
1154.0,7375.21435546875,7221.04052734375,9879.0322265625
1155.0,8676.0546875,9173.6171875,10498.857421875
1156.0,7362.763671875,7229.9638671875,14184.9404296875
1157.0,8453.0732421875,7335.7255859375,9995.88671875
1158.0,8005.18603515625,9610.2109375,9867.107421875
1159.0,7606.166015625,7229.9638671875,11135.244140625
1160.0,7423.9990234375,7229.9638671875,9723.6435546875
1161.0,7383.734375,7331.98974609375,10175.82421875
1162.0,7605.69921875,8874.7421875,9959.265625
1163.0,7460.5810546875,7334.78466796875,10352.669921875
1164.0,7631.94677734375,7299.46826171875,10607.025390625
1165.0,7423.9716796875,7229.9638671875,9720.8095703125
1166.0,7872.65576171875,8314.1103515625,13652.89453125
1167.0,7433.20654296875,7410.73974609375,12564.5478515625
1168.0,7436.724609375,7332.09716796875,10037.40234375
1169.0,7809.77099609375,7237.81201171875,10400.478515625
1170.0,7820.490234375,7202.73681640625,9701.59765625
1171.0,7604.70947265625,9410.029296875,9877.19140625
1172.0,7383.43212890625,7303.68798828125,10193.5263671875
1173.0,7853.99365234375,9509.125,9917.7138671875
1174.0,7497.90478515625,7190.93798828125,16876.4921875
1175.0,7595.6123046875,7280.0361328125,9983.0048828125
1176.0,7566.89111328125,8613.6298828125,18380.876953125
1177.0,7683.177734375,7437.75146484375,12716.4033203125
1178.0,7402.91845703125,23380.109375,9838.8046875
1179.0,11324.8984375,7222.78759765625,12709.005859375
1180.0,10786.33984375,7656.31689453125,11359.3466796875
1181.0,7606.79833984375,7234.37158203125,9720.662109375
1182.0,12798.1767578125,13623.8935546875,9723.6435546875
1183.0,7511.2900390625,8428.9296875,10145.3125
1184.0,8508.5087890625,7470.703125,10127.5361328125
1185.0,10186.4912109375,7437.75146484375,9965.19140625
1186.0,7724.1572265625,7231.25390625,12092.861328125
1187.0,7388.98388671875,7229.9638671875,10156.869140625
1188.0,9210.90234375,7301.107421875,11159.572265625
1189.0,7390.0556640625,7297.21044921875,9987.9736328125
1190.0,9127.5693359375,11031.7470703125,9903.837890625
1191.0,7421.44287109375,13623.8935546875,9994.892578125
1192.0,7423.9716796875,7965.59326171875,10033.869140625
1193.0,7421.44287109375,10532.4755859375,9917.7138671875
1194.0,7538.0322265625,7291.99609375,9743.296875
1195.0,7647.97021484375,7335.7255859375,15869.888671875
1196.0,7538.0322265625,7190.93798828125,15895.6884765625
1197.0,8108.3349609375,7413.50830078125,9888.1591796875
1198.0,9158.8740234375,7258.72216796875,10249.138671875
1199.0,7447.38818359375,7521.662109375,12471.322265625
1200.0,7608.72216796875,7237.16650390625,12716.513671875
1201.0,8046.98974609375,7571.43896484375,9994.892578125
1202.0,8019.14794921875,7234.8017578125,9697.990234375
1203.0,7443.73291015625,7235.09716796875,9929.6015625
1204.0,7584.1513671875,7206.68798828125,9963.3876953125
1205.0,7377.77001953125,11728.08203125,10011.234375
1206.0,11572.6982421875,7216.20263671875,10246.1572265625
1207.0,7820.490234375,7564.7734375,9867.84375
1208.0,7474.04833984375,7362.41455078125,18852.26953125
1209.0,7409.4599609375,7201.76953125,10234.0849609375
1210.0,9088.404296875,7224.64208984375,12694.873046875
1211.0,10878.8251953125,8065.4150390625,9877.19140625
1212.0,7482.84326171875,7235.09716796875,9723.4228515625
1213.0,8620.37109375,9472.6533203125,10120.54296875
1214.0,7447.38818359375,7260.3349609375,10086.2783203125
1215.0,7421.44287109375,155632.03125,10246.1572265625
1216.0,7585.3056640625,7381.578125,9903.837890625
1217.0,8558.201171875,7996.01806640625,9720.8095703125
1218.0,7762.66259765625,7216.20263671875,10786.263671875
1219.0,9043.5498046875,7277.83203125,9909.1015625
1220.0,7501.0107421875,7299.46826171875,17763.8125
1221.0,7742.8466796875,7321.7763671875,15074.6904296875
1222.0,7460.5810546875,7445.4384765625,13024.677734375
1223.0,7364.1376953125,7399.82763671875,9743.296875
1224.0,7450.93408203125,7390.017578125,9682.9375
1225.0,7457.64013671875,7324.59814453125,9720.8095703125
1226.0,7482.84326171875,7470.703125,9978.0732421875
1227.0,7820.490234375,7814.86572265625,11159.572265625
1228.0,9516.5849609375,7244.61181640625,10086.2783203125
1229.0,7576.70263671875,7203.24755859375,14273.4921875
1230.0,7608.6396484375,7362.41455078125,14236.5771484375
1231.0,7436.724609375,7190.93798828125,9879.0322265625
1232.0,7613.39453125,7237.81201171875,9916.0205078125
1233.0,7433.20654296875,7741.087890625,9708.5166015625
1234.0,7460.5810546875,7382.5185546875,12634.29296875
1235.0,7393.90380859375,7203.24755859375,10237.1396484375
1236.0,7473.63623046875,9921.4755859375,9917.7138671875
1237.0,7390.13818359375,7265.14599609375,10453.9189453125
1238.0,7390.13818359375,7346.26123046875,9948.6298828125
1239.0,7792.62109375,7464.01025390625,18701.1875
1240.0,9722.8837890625,7265.14599609375,9671.34375
1241.0,7443.1005859375,7679.94189453125,10400.478515625
1242.0,7457.64013671875,7234.8017578125,9824.23046875
1243.0,7585.3056640625,8101.61865234375,9993.5673828125
1244.0,7383.734375,7435.22509765625,18130.9375
1245.0,13442.1103515625,7917.966796875,10212.1865234375
1246.0,9056.6044921875,8907.908203125,9701.59765625
1247.0,7456.2109375,7414.69091796875,9978.0732421875
1248.0,7359.1630859375,7423.74853515625,10405.0419921875
1249.0,7390.0556640625,7388.13623046875,9867.107421875
1250.0,7594.97998046875,7190.93798828125,10037.40234375
1251.0,9947.84375,7265.14599609375,9680.3984375
1252.0,7628.67578125,7190.93798828125,9720.8095703125
1253.0,7423.9990234375,7228.86181640625,12691.3759765625
1254.0,8508.5087890625,7448.1796875,14114.6806640625
1255.0,7482.81591796875,7911.97314453125,9671.34375
1256.0,7684.41455078125,7646.21142578125,9900.2685546875
1257.0,7377.71533203125,7522.46826171875,9925.294921875
1258.0,7582.77685546875,7202.73681640625,9723.6435546875
1259.0,7951.01416015625,7190.05078125,9713.375
1260.0,7545.17822265625,7700.90625,10472.5791015625
1261.0,7390.0556640625,7190.615234375,10176.4130859375
1262.0,8143.84521484375,8836.953125,9995.88671875
1263.0,7379.63916015625,13541.703125,10176.890625
1264.0,7473.63623046875,7432.64453125,18629.67578125
1265.0,7466.57275390625,7395.44677734375,9931.1474609375
1266.0,7450.93408203125,7303.68798828125,14256.0107421875
1267.0,7403.46826171875,7226.55029296875,9723.6435546875
1268.0,7464.236328125,7257.48583984375,9850.177734375
1269.0,7404.34765625,7258.72216796875,12092.861328125
1270.0,7375.21435546875,10398.3310546875,11162.884765625
1271.0,7643.3251953125,10297.353515625,11364.5361328125
1272.0,7457.64013671875,7237.81201171875,11929.70703125
1273.0,7602.01611328125,7234.37158203125,13708.763671875
1274.0,7715.14208984375,7521.662109375,10175.82421875
1275.0,7474.04833984375,7398.75244140625,10484.6875
1276.0,7421.44287109375,7449.5234375,12082.041015625
1277.0,7542.18212890625,7332.09716796875,10003.0263671875
1278.0,7453.16015625,7449.5234375,9723.6435546875
1279.0,7680.5390625,7234.15625,10048.185546875
1280.0,7421.44287109375,8919.94921875,10490.7236328125
1281.0,8009.77587890625,7189.19091796875,10283.072265625
1282.0,7480.31494140625,7500.3486328125,9813.15234375
1283.0,7443.1005859375,8001.017578125,10490.7236328125
1284.0,7542.12744140625,8049.9072265625,14258.255859375
1285.0,7542.18212890625,7280.0361328125,9723.6435546875
1286.0,7399.6201171875,7619.71044921875,11218.1650390625
1287.0,7473.63623046875,7295.8935546875,10048.185546875
1288.0,7585.3056640625,7595.57470703125,11873.02734375
1289.0,8857.205078125,7531.1767578125,9723.6435546875
1290.0,7628.67578125,7422.5927734375,9720.662109375
1291.0,7742.8466796875,12184.0,10403.0546875
1292.0,7568.48486328125,7377.9228515625,10472.5791015625
1293.0,21117.234375,7221.04052734375,9848.1533203125
1294.0,7359.1630859375,7470.703125,10233.0546875
1295.0,7648.79443359375,7770.0078125,10585.7890625
1296.0,7390.0556640625,7405.28369140625,9701.59765625
1297.0,9974.201171875,22998.23828125,10653.326171875
1298.0,7482.81591796875,7616.7001953125,9720.8095703125
1299.0,7621.1728515625,7269.28515625,10146.34375
1300.0,7464.236328125,8091.80859375,11856.7236328125
1301.0,7410.88916015625,7470.703125,9959.744140625
1302.0,7501.0107421875,7221.04052734375,10721.15625
1303.0,9412.9130859375,7590.44091796875,9900.2685546875
1304.0,9503.9423828125,7446.02978515625,10795.5751953125
1305.0,7366.83154296875,11138.9599609375,12453.9130859375
1306.0,7407.48095703125,7231.9794921875,12696.529296875
1307.0,7665.587890625,8893.63671875,9931.1474609375
1308.0,7482.84326171875,7428.64013671875,9697.990234375
1309.0,7517.50146484375,8404.955078125,9884.1845703125
1310.0,7412.73046875,7421.1953125,9994.892578125
1311.0,7491.61083984375,7335.0,10130.73828125
1312.0,7568.48486328125,7303.68798828125,14950.5859375
1313.0,7433.8662109375,7527.14501953125,9680.3984375
1314.0,7388.07666015625,7448.60986328125,10192.533203125
1315.0,7380.24365234375,7217.734375,10860.1298828125
1316.0,7415.396484375,7221.04052734375,12523.216796875
1317.0,7464.236328125,7210.1552734375,9973.5458984375
1318.0,8773.8447265625,7399.50537109375,13891.1298828125
1319.0,7359.1630859375,7265.14599609375,9720.662109375
1320.0,7582.77685546875,9035.2255859375,9933.650390625
1321.0,12447.5849609375,10393.1435546875,13024.677734375
1322.0,7697.4423828125,7278.58447265625,11458.3876953125
1323.0,7606.55078125,8121.66943359375,10120.064453125
1324.0,7684.41455078125,7222.78759765625,9682.9375
1325.0,7535.11865234375,7209.4833984375,12651.9951171875
1326.0,7705.66015625,7722.4619140625,9720.662109375
1327.0,7694.19921875,7297.21044921875,9756.951171875
1328.0,8818.8359375,7303.68798828125,9846.0556640625
1329.0,7390.0556640625,7223.27099609375,9941.1953125
1330.0,8211.044921875,7228.86181640625,10254.76953125
1331.0,7562.57568359375,14013.048828125,208007.59375
1332.0,7572.47021484375,7224.64208984375,10377.9541015625
1333.0,7648.79443359375,7249.9873046875,9956.947265625
1334.0,7409.4599609375,7619.71044921875,10080.2060546875
1335.0,7359.1630859375,7470.1923828125,9720.662109375
1336.0,7415.396484375,7398.8330078125,9959.265625
1337.0,7366.83154296875,8907.908203125,10484.6875
1338.0,7399.6201171875,7548.80810546875,10892.62890625
1339.0,7582.77685546875,7452.82958984375,9765.6376953125
1340.0,7616.17041015625,7222.78759765625,9708.5166015625
1341.0,7606.166015625,7248.93896484375,9720.662109375
1342.0,7375.21435546875,7237.16650390625,9955.990234375
1343.0,7418.2275390625,7432.64453125,10234.0849609375
1344.0,7678.615234375,12040.1533203125,10241.1513671875
1345.0,7817.54931640625,11919.0712890625,353564.09375
1346.0,8597.833984375,7248.93896484375,9983.0048828125
1347.0,7621.1728515625,7216.20263671875,10216.3828125
1348.0,8434.4384765625,12454.08984375,10847.359375
1349.0,7393.90380859375,7362.25341796875,9671.4912109375
1350.0,7359.1630859375,7800.7822265625,9697.990234375
1351.0,9183.3076171875,13979.9091796875,10490.7236328125
1352.0,7415.396484375,7231.9794921875,9867.107421875
1353.0,8431.11328125,7841.2861328125,9978.0732421875
1354.0,7663.08642578125,7244.61181640625,18843.36328125
1355.0,7393.90380859375,7208.75732421875,208007.59375
1356.0,7487.81787109375,7365.90869140625,9910.3896484375
1357.0,8368.283203125,7403.40234375,10037.40234375
1358.0,7457.64013671875,7445.4384765625,9931.1474609375
1359.0,7617.84716796875,8297.3115234375,9989.5927734375
1360.0,9213.98046875,7202.73681640625,10908.455078125
1361.0,7423.9990234375,7409.0732421875,9671.34375
1362.0,7407.48095703125,7398.75244140625,9713.375
1363.0,7595.6123046875,13380.4931640625,10037.2548828125
1364.0,7557.326171875,7403.40234375,9713.375
1365.0,7394.2607421875,7315.4599609375,9671.34375
1366.0,7663.08642578125,8298.3603515625,9723.6435546875
1367.0,7612.0478515625,7206.68798828125,16207.6806640625
1368.0,7619.6337890625,75539.25,9944.3603515625
1369.0,7754.39013671875,9173.6171875,12608.4560546875
1370.0,7629.5556640625,7229.9638671875,10595.8369140625
1371.0,7616.17041015625,7470.1923828125,10134.1240234375
1372.0,9597.609375,7223.27099609375,10488.8828125
1373.0,7364.1376953125,9763.3564453125,10203.611328125
1374.0,9670.552734375,8735.89453125,10104.12890625
1375.0,7383.734375,7531.1767578125,9671.34375
1376.0,7569.501953125,7237.81201171875,9965.19140625
1377.0,7726.658203125,7315.4599609375,9929.78515625
1378.0,7869.77001953125,7201.76953125,9944.43359375
1379.0,7608.6396484375,11700.2373046875,9912.9658203125
1380.0,7517.50146484375,7255.201171875,9917.05078125
1381.0,7400.63720703125,7384.4541015625,18501.265625
1382.0,10010.31640625,7195.72216796875,11289.896484375
1383.0,8211.154296875,7412.37939453125,11129.61328125
1384.0,7564.66455078125,7438.74609375,9713.375
1385.0,7538.4443359375,7611.3515625,10175.82421875
1386.0,7595.6669921875,7470.703125,10310.3076171875
1387.0,7674.87744140625,7323.28125,10704.7412109375
1388.0,7390.13818359375,7904.15185546875,14148.578125
1389.0,9254.685546875,7265.14599609375,9708.40625
1390.0,8558.201171875,7800.7822265625,9933.650390625
1391.0,7394.2607421875,7611.3515625,9846.0556640625
1392.0,7482.81591796875,7448.1796875,10104.12890625
1393.0,7419.0517578125,7611.3515625,9708.5166015625
1394.0,7682.32568359375,7521.662109375,9777.783203125
1395.0,12988.9736328125,8384.716796875,12312.2158203125
1396.0,8202.3046875,7422.5927734375,9777.783203125
1397.0,8260.4345703125,7221.04052734375,9813.15234375
1398.0,8426.9072265625,7337.6875,10086.2783203125
1399.0,8801.494140625,7280.0361328125,9926.546875
1400.0,7608.6396484375,12466.8291015625,14209.857421875
1401.0,7423.9990234375,8445.001953125,10283.072265625
1402.0,7421.44287109375,7377.9228515625,10276.6318359375
1403.0,8104.8994140625,7229.9638671875,9708.5166015625
1404.0,7605.69921875,11138.9599609375,18857.3125
1405.0,8171.82421875,7228.86181640625,12162.86328125
1406.0,7748.70068359375,7228.86181640625,9921.7255859375
1407.0,7460.5810546875,7190.93798828125,10240.416015625
1408.0,7724.1572265625,8784.703125,11420.84765625
1409.0,8750.2626953125,7398.8330078125,11729.0849609375
1410.0,7520.27734375,9127.2802734375,10488.8828125
1411.0,7758.9248046875,8404.17578125,9723.6435546875
1412.0,7433.8662109375,7311.58984375,11317.3525390625
1413.0,7545.17822265625,7228.86181640625,10704.7412109375
1414.0,7994.93408203125,7337.6875,340191.5625
1415.0,7404.34765625,13371.0869140625,11052.69140625
1416.0,7582.77685546875,7500.3486328125,9713.375
1417.0,7355.61767578125,10284.0224609375,9912.33984375
1418.0,7678.615234375,7377.9228515625,9995.88671875
1419.0,7366.83154296875,7229.9638671875,9877.19140625
1420.0,7394.37060546875,7410.73974609375,9929.6015625
1421.0,7608.2001953125,7688.51611328125,9708.5166015625
1422.0,7560.04736328125,7235.09716796875,9926.546875
1423.0,7910.58447265625,7390.3935546875,9708.5166015625
1424.0,7436.47705078125,7317.314453125,10192.533203125
1425.0,7429.3583984375,7169.16748046875,16105.6953125
1426.0,8681.1943359375,7291.99609375,9888.1591796875
1427.0,7585.3056640625,7800.7822265625,10325.029296875
1428.0,7595.6669921875,7311.1865234375,10150.796875
1429.0,7683.177734375,7184.541015625,10193.5263671875
1430.0,7700.24560546875,9999.2314453125,10405.0419921875
1431.0,7616.802734375,7377.0087890625,9723.4228515625
1432.0,7394.2607421875,7324.59814453125,9838.8046875
1433.0,7529.53955078125,7225.98583984375,10249.138671875
1434.0,8905.412109375,7301.107421875,10564.111328125
1435.0,7761.5908203125,10512.4521484375,13460.5908203125
1436.0,12989.798828125,7237.81201171875,12448.3193359375
1437.0,10071.46875,7390.017578125,9756.951171875
1438.0,7545.17822265625,11242.9208984375,9682.9375
1439.0,8175.53466796875,7210.1552734375,10024.4833984375
1440.0,7707.25390625,7783.0966796875,10011.234375
1441.0,7415.396484375,10488.638671875,9743.296875
1442.0,7944.58251953125,7333.95166015625,9983.0048828125
1443.0,7629.5556640625,11759.796875,10150.796875
1444.0,7580.46826171875,7409.0732421875,18609.875
1445.0,7817.54931640625,7383.13671875,10420.794921875
1446.0,7383.43212890625,9197.4033203125,9981.642578125
1447.0,7482.84326171875,7222.78759765625,9941.416015625
1448.0,7473.63623046875,7287.72265625,9682.9375
1449.0,7748.70068359375,7229.9638671875,12706.4658203125
1450.0,7707.25390625,7210.90771484375,10175.82421875
1451.0,10256.1923828125,7216.20263671875,14127.1943359375
1452.0,12989.798828125,7201.76953125,9955.328125
1453.0,7473.63623046875,7449.5234375,10630.359375
1454.0,9610.8564453125,7237.16650390625,14270.7685546875
1455.0,7429.3583984375,7470.703125,13128.982421875
1456.0,7464.7861328125,7399.82763671875,10462.8251953125
1457.0,7375.21435546875,7221.04052734375,10119.40234375
1458.0,7694.19921875,7486.9638671875,9690.6298828125
1459.0,7541.77001953125,7504.9443359375,9912.33984375
1460.0,7631.94677734375,7378.4873046875,9948.482421875
1461.0,7602.01611328125,7331.98974609375,10246.1572265625
1462.0,8047.6767578125,7664.03076171875,10275.306640625
1463.0,7680.5390625,7500.3486328125,9708.5166015625
1464.0,7792.62109375,7940.16748046875,10593.0771484375
1465.0,9286.375,7324.59814453125,10668.857421875
1466.0,7398.87841796875,7258.72216796875,13211.4609375
1467.0,8007.2470703125,7427.0810546875,14250.1953125
1468.0,8437.0224609375,7201.76953125,23877.59765625
1469.0,9503.9423828125,7199.6728515625,9720.662109375
1470.0,7359.1630859375,7291.99609375,9931.1474609375
1471.0,7394.2607421875,7521.662109375,10748.09765625
1472.0,7684.41455078125,7548.80810546875,138149.96875
1473.0,7456.2109375,7228.86181640625,9921.7255859375
1474.0,7667.7314453125,7494.73095703125,9671.34375
1475.0,8281.8994140625,7664.03076171875,9743.296875
1476.0,7595.6669921875,7265.14599609375,10202.6171875
1477.0,7404.759765625,8485.1572265625,9879.0322265625
1478.0,7529.53955078125,7394.3984375,9931.1474609375
1479.0,9722.8837890625,9041.30078125,10825.38671875
1480.0,7497.90478515625,7229.9638671875,9948.6298828125
1481.0,7421.44287109375,10276.7919921875,12386.634765625
1482.0,7421.44287109375,7202.73681640625,10591.97265625
1483.0,7629.5556640625,7672.0400390625,10488.8828125
1484.0,7390.0556640625,7646.21142578125,10274.2392578125
1485.0,7482.81591796875,155632.03125,9701.59765625
1486.0,9176.107421875,7221.04052734375,9871.818359375
1487.0,7817.54931640625,7328.119140625,9910.3896484375
1488.0,7678.615234375,8110.62255859375,10024.4833984375
1489.0,7648.79443359375,9104.5419921875,10192.533203125
1490.0,7569.501953125,9062.8291015625,10080.2060546875
1491.0,7629.5556640625,8151.26123046875,9822.4638671875
1492.0,8434.4384765625,8997.4638671875,9785.953125
1493.0,7460.55322265625,7590.44091796875,9886.4296875
1494.0,11541.6416015625,7237.16650390625,9954.5546875
1495.0,7568.48486328125,9002.140625,9906.267578125
1496.0,7403.962890625,7229.9638671875,10364.2265625
1497.0,9186.2763671875,8091.45947265625,9877.19140625
1498.0,7726.658203125,7237.81201171875,10233.0546875
1499.0,7494.9638671875,7424.74267578125,14198.7060546875
1500.0,7429.3583984375,7280.0361328125,9824.23046875
1501.0,8867.181640625,7236.1455078125,9671.34375
1502.0,7748.2333984375,7352.22802734375,9682.9375
1503.0,8047.869140625,7213.48779296875,9960.443359375
1504.0,7561.2841796875,13171.388671875,10404.5634765625
1505.0,7564.66455078125,8526.0634765625,9680.3984375
1506.0,7724.1572265625,8225.9794921875,9846.0556640625
1507.0,8103.03076171875,8091.80859375,15588.408203125
1508.0,8243.943359375,8114.06298828125,9713.375
1509.0,8411.4619140625,7234.8017578125,10221.53515625
1510.0,7511.2900390625,7208.75732421875,10192.533203125
1511.0,7561.3115234375,9101.5322265625,10359.6259765625
1512.0,7691.1484375,7335.0,10192.533203125
1513.0,7588.46630859375,7446.02978515625,9910.3896484375
1514.0,7390.0556640625,7395.44677734375,10404.5634765625
1515.0,7561.916015625,7432.45654296875,9871.818359375
1516.0,7762.66259765625,8151.26123046875,9824.23046875
1517.0,7447.0859375,7201.76953125,10459.955078125
1518.0,7595.6123046875,7449.5234375,9950.6533203125
1519.0,7390.0556640625,7548.80810546875,9944.43359375
1520.0,7454.69921875,7527.81689453125,9941.1953125
1521.0,7617.84716796875,7237.81201171875,9756.951171875
1522.0,7606.166015625,7394.3984375,11932.6513671875
1523.0,7758.9248046875,7565.2568359375,9708.5166015625
1524.0,7404.759765625,7588.02197265625,9871.818359375
1525.0,7678.615234375,8392.349609375,12312.9892578125
1526.0,7409.59716796875,7656.31689453125,9765.6376953125
1527.0,10396.5283203125,53618.71875,9936.92578125
1528.0,7602.01611328125,7432.64453125,13067.7392578125
1529.0,13739.35546875,7231.9794921875,9903.8017578125
1530.0,7409.59716796875,9600.4541015625,9929.6015625
1531.0,7390.13818359375,7424.74267578125,9998.3154296875
1532.0,7375.21435546875,10191.6181640625,9867.107421875
1533.0,10193.033203125,7311.58984375,9926.546875
1534.0,7355.61767578125,7437.75146484375,9973.5458984375
1535.0,7569.2822265625,7399.82763671875,9765.6376953125
1536.0,7595.6123046875,7616.7001953125,9777.783203125
1537.0,7362.5439453125,7263.34521484375,10249.138671875
1538.0,8169.40576171875,8384.716796875,9871.818359375
1539.0,7383.734375,7409.0732421875,10459.955078125
1540.0,7674.87744140625,7521.662109375,9981.642578125
1541.0,9365.75,7257.48583984375,9708.5166015625
1542.0,9581.943359375,10297.353515625,10030.77734375
1543.0,7429.3583984375,8337.9775390625,9877.19140625
1544.0,7770.82568359375,7280.0361328125,9720.662109375
1545.0,7683.177734375,8384.716796875,18219.306640625
1546.0,7648.79443359375,7527.81689453125,9910.3896484375
1547.0,7515.08251953125,7226.55029296875,10130.73828125
1548.0,7694.19921875,7323.28125,10276.2998046875
1549.0,7497.90478515625,7394.3984375,10048.185546875
1550.0,7600.9990234375,8996.146484375,10175.82421875
1551.0,7515.08251953125,7383.72802734375,11222.5810546875
1552.0,7405.94189453125,22998.23828125,18088.392578125
1553.0,7383.734375,7331.98974609375,10146.34375
1554.0,7460.5810546875,8997.4638671875,10462.8251953125
1555.0,7460.5810546875,7260.3349609375,9959.744140625
1556.0,7732.2373046875,9446.0439453125,9720.662109375
1557.0,7394.2607421875,12634.4892578125,11394.4580078125
1558.0,8629.220703125,9314.48046875,17444.4609375
1559.0,7561.3115234375,8124.14208984375,9708.40625
1560.0,7494.9638671875,7221.04052734375,9723.6435546875
1561.0,8036.353515625,7382.5185546875,9789.1181640625
1562.0,7366.556640625,7949.7626953125,12453.9130859375
1563.0,8750.2626953125,7277.83203125,9948.482421875
1564.0,7582.77685546875,233570.21875,9879.0322265625
1565.0,7407.48095703125,7237.81201171875,14487.4375
1566.0,7678.615234375,7234.8017578125,10008.068359375
1567.0,7377.71533203125,13465.962890625,10413.875
1568.0,13726.6298828125,7531.1767578125,10402.2451171875
1569.0,7474.04833984375,7424.74267578125,10175.82421875
1570.0,7678.615234375,7210.1552734375,10289.623046875
1571.0,7352.92431640625,7810.26953125,10153.9248046875
1572.0,7645.55126953125,9359.2578125,15565.1474609375
1573.0,7545.17822265625,7444.39013671875,10221.53515625
1574.0,7375.21435546875,7428.6669921875,10658.404296875
1575.0,8205.1630859375,7521.3935546875,9987.9736328125
1576.0,7724.1572265625,7210.90771484375,11900.9619140625
1577.0,7456.2109375,7627.6123046875,9789.1181640625
1578.0,9562.126953125,7750.33349609375,18860.478515625
1579.0,7393.90380859375,7695.82666015625,17589.212890625
1580.0,7665.587890625,8091.80859375,11873.02734375
1581.0,7433.20654296875,7225.98583984375,9900.2685546875
1582.0,14423.1962890625,7335.0,11359.3466796875
1583.0,8005.18603515625,8137.01611328125,10176.4130859375
1584.0,8879.330078125,7278.58447265625,9789.1181640625
1585.0,7640.8515625,7235.09716796875,9789.1181640625
1586.0,9422.91796875,7199.6728515625,9948.482421875
1587.0,7663.08642578125,7429.52685546875,10413.875
1588.0,7375.21435546875,7295.83984375,18524.8203125
1589.0,7473.63623046875,7335.7255859375,12453.9130859375
1590.0,7684.41455078125,8404.955078125,11900.9619140625
1591.0,7447.0859375,7421.3564453125,9743.296875
1592.0,7494.9638671875,7311.58984375,10080.2060546875
1593.0,7705.66015625,7695.82666015625,10145.3125
1594.0,7423.9990234375,7390.017578125,9824.23046875
1595.0,9549.8408203125,7424.74267578125,12644.9287109375
1596.0,9411.2919921875,7237.81201171875,9713.375
1597.0,7726.658203125,7280.0361328125,9877.19140625
1598.0,7613.39453125,8689.4501953125,12716.55078125
1599.0,7642.28076171875,7757.1064453125,10011.234375
1600.0,7889.61376953125,7637.87939453125,9922.71875
1601.0,7643.544921875,7328.87158203125,15100.490234375
1602.0,7617.84716796875,7364.591796875,9682.9375
1603.0,7473.63623046875,7953.6328125,9929.6015625
1604.0,8343.3544921875,7221.04052734375,10145.3125
1605.0,8497.240234375,7303.68798828125,10275.306640625
1606.0,7613.39453125,7448.1796875,9777.783203125
1607.0,7643.3251953125,7337.6875,37602.00390625
1608.0,7866.03173828125,7786.56396484375,14663.4365234375
1609.0,7436.724609375,7228.86181640625,10042.0390625
1610.0,8175.53466796875,12886.5439453125,9713.375
1611.0,8303.447265625,7700.90625,353564.09375
1612.0,8243.6689453125,7219.5888671875,13655.94921875
1613.0,8514.1708984375,7260.3349609375,340191.5625
1614.0,7663.08642578125,7278.58447265625,9775.7587890625
1615.0,8548.0869140625,7377.0087890625,9775.7587890625
1616.0,8367.07421875,7437.13330078125,9743.296875
1617.0,7473.63623046875,7412.37939453125,11159.572265625
1618.0,7388.98388671875,9002.140625,10246.1572265625
1619.0,7581.4853515625,13949.591796875,13585.8369140625
1620.0,7434.00341796875,10977.1591796875,9777.783203125
1621.0,7460.5810546875,7229.9638671875,9824.23046875
1622.0,7480.50732421875,9068.2041015625,9917.05078125
1623.0,7375.21435546875,7409.0732421875,12715.630859375
1624.0,9671.1572265625,7213.48779296875,13951.01171875
1625.0,8303.447265625,7912.85986328125,10310.3076171875
1626.0,7560.04736328125,7309.19775390625,12481.1484375
1627.0,9335.21484375,7324.59814453125,9950.6533203125
1628.0,7410.88916015625,7388.13623046875,9948.6298828125
1629.0,7429.3583984375,7190.93798828125,9824.23046875
1630.0,9068.0380859375,7445.4384765625,10852.25390625
1631.0,13567.0546875,7222.78759765625,10368.5322265625
1632.0,9650.4345703125,7335.0,9994.892578125
1633.0,7920.06640625,7445.4384765625,10120.064453125
1634.0,7726.658203125,7190.93798828125,18268.03515625
1635.0,7434.00341796875,7465.54248046875,13596.326171875
1636.0,7569.6943359375,7403.40234375,23877.59765625
1637.0,7621.1728515625,7328.87158203125,9912.33984375
1638.0,10527.62890625,7332.09716796875,15652.04296875
1639.0,7932.8466796875,9230.4619140625,10176.890625
1640.0,7695.05078125,7747.619140625,9743.296875
1641.0,9081.7529296875,7208.75732421875,9973.5458984375
1642.0,7570.18896484375,7611.3515625,9785.953125
1643.0,7606.79833984375,7395.44677734375,9914.953125
1644.0,7393.90380859375,7337.6875,12162.86328125
1645.0,7616.17041015625,8406.0576171875,10036.5556640625
1646.0,7543.583984375,7437.75146484375,9941.416015625
1647.0,7375.21435546875,7278.79931640625,9965.19140625
1648.0,9614.5390625,9498.4814453125,9671.34375
1649.0,7648.79443359375,7205.9892578125,9912.33984375
1650.0,7412.73046875,7413.50830078125,9846.0556640625
1651.0,7688.7021484375,8232.0537109375,9955.990234375
1652.0,7545.17822265625,7405.2568359375,10153.888671875
1653.0,7393.90380859375,7412.37939453125,9941.416015625
1654.0,8394.3115234375,9068.2041015625,15347.7060546875
1655.0,7410.88916015625,7346.26123046875,9671.34375
1656.0,7732.5400390625,8580.947265625,12665.09765625
1657.0,7617.84716796875,7619.71044921875,9959.265625
1658.0,7375.21435546875,7671.8251953125,10182.853515625
1659.0,7869.77001953125,8121.66943359375,12186.712890625
1660.0,8848.7666015625,7208.75732421875,16965.33984375
1661.0,7643.3251953125,7469.35888671875,14157.4482421875
1662.0,7404.759765625,8580.947265625,24892.740234375
1663.0,7460.5810546875,7728.29443359375,9720.8095703125
1664.0,7394.2607421875,8048.6708984375,9708.5166015625
1665.0,7561.916015625,8457.150390625,11047.6865234375
1666.0,12683.4560546875,7210.1552734375,11977.0009765625
1667.0,8677.263671875,7248.93896484375,9803.5830078125
1668.0,7390.0556640625,7559.6396484375,11765.4482421875
1669.0,7436.724609375,7448.1796875,9955.328125
1670.0,9562.126953125,7364.16162109375,9680.3984375
1671.0,7464.236328125,7335.7255859375,11198.6953125
1672.0,7581.4853515625,7781.4306640625,9828.0947265625
1673.0,7577.3076171875,7258.72216796875,12259.4013671875
1674.0,31887.353515625,7378.4873046875,11932.6513671875
1675.0,8927.78515625,7260.3349609375,9936.92578125
1676.0,10402.2451171875,8392.349609375,9701.59765625
1677.0,7629.5556640625,9210.6806640625,10030.77734375
1678.0,8652.4453125,10380.96875,9756.951171875
1679.0,7359.1630859375,8959.8896484375,9912.33984375
1680.0,7487.81787109375,7836.15234375,13545.6826171875
1681.0,9398.8134765625,7335.0,10216.3828125
1682.0,9590.9580078125,8125.27099609375,10148.0361328125
1683.0,7569.6943359375,7622.39794921875,17215.388671875
1684.0,7610.04150390625,7201.76953125,10630.359375
1685.0,8550.7529296875,8715.19921875,10176.890625
1686.0,8243.6689453125,7500.3486328125,16372.234375
1687.0,7680.5390625,7672.0400390625,9973.5458984375
1688.0,7405.94189453125,7276.8642578125,9671.34375
1689.0,7631.94677734375,7470.703125,10488.8828125
1690.0,7645.55126953125,10449.962890625,10277.3310546875
1691.0,7854.2412109375,9459.1875,13655.94921875
1692.0,7636.78369140625,7301.107421875,9931.1474609375
1693.0,7355.53515625,7364.591796875,9671.34375
1694.0,7538.4443359375,7437.75146484375,9701.59765625
1695.0,7604.70947265625,7435.68212890625,17645.412109375
1696.0,7576.51025390625,9279.8359375,10221.53515625
1697.0,7712.99853515625,7346.26123046875,9965.19140625
1698.0,7456.2109375,9114.541015625,9773.6240234375
1699.0,7643.3251953125,7437.13330078125,9879.0322265625
1700.0,14423.1962890625,7656.31689453125,10011.234375
1701.0,7658.744140625,7675.48046875,10860.1298828125
1702.0,7560.04736328125,7390.017578125,16842.521484375
1703.0,7404.759765625,8836.576171875,9944.3603515625
1704.0,7606.55078125,7311.58984375,9877.19140625
1705.0,7595.6123046875,7194.673828125,9747.087890625
1706.0,9712.494140625,7258.72216796875,18203.33203125
1707.0,10734.5322265625,7309.19775390625,18798.79296875
1708.0,7805.18115234375,7257.48583984375,10086.2783203125
1709.0,10293.3232421875,7244.61181640625,18462.583984375
1710.0,7562.57568359375,7871.3349609375,9950.6533203125
1711.0,7386.373046875,8898.9853515625,9948.482421875
1712.0,8584.7509765625,7213.48779296875,10130.73828125
1713.0,7443.1005859375,7381.578125,10089.48046875
1714.0,8205.1630859375,9375.4912109375,9713.375
1715.0,7516.072265625,8985.369140625,10110.86328125
1716.0,7394.2607421875,7965.5126953125,9963.9404296875
1717.0,7375.21435546875,7538.78271484375,18019.19921875
1718.0,7758.9248046875,7629.009765625,9743.296875
1719.0,16926.8125,7228.86181640625,10153.9248046875
1720.0,7473.63623046875,7364.591796875,14273.6025390625
1721.0,7403.962890625,7237.81201171875,10146.34375
1722.0,7393.90380859375,9862.23828125,10199.8935546875
1723.0,9588.2646484375,8005.85546875,10094.375
1724.0,7355.53515625,7278.58447265625,9877.19140625
1725.0,12825.3583984375,9419.435546875,18672.33203125
1726.0,7594.97998046875,12852.060546875,9774.8017578125
1727.0,7755.59912109375,7228.86181640625,18759.486328125
1728.0,7355.75537109375,7502.39111328125,10271.294921875
1729.0,7403.962890625,10328.046875,12332.7158203125
1730.0,7443.1005859375,7914.7685546875,10120.064453125
1731.0,7674.87744140625,7588.02197265625,10130.73828125
1732.0,7494.9638671875,7226.55029296875,9879.0322265625
1733.0,7648.79443359375,9108.5205078125,9953.2666015625
1734.0,7433.20654296875,7287.85693359375,9963.9404296875
1735.0,7576.70263671875,7227.3564453125,9987.9736328125
1736.0,10850.4892578125,7334.78466796875,10343.0263671875
1737.0,7595.6123046875,7622.39794921875,9941.1953125
1738.0,17240.904296875,7926.37939453125,9743.296875
1739.0,10540.244140625,7277.83203125,9921.7255859375
1740.0,13434.0302734375,8216.3310546875,12697.0810546875
1741.0,7597.45361328125,7202.73681640625,18489.634765625
1742.0,7695.05078125,7336.7197265625,11929.44921875
1743.0,7393.90380859375,7337.6875,10819.09375
1744.0,7643.544921875,7201.76953125,9867.84375
1745.0,7497.90478515625,7446.02978515625,9713.375
1746.0,7961.8701171875,11031.7470703125,9708.5166015625
1747.0,8022.00634765625,7446.02978515625,10212.1865234375
1748.0,10357.224609375,7256.86767578125,10080.2060546875
1749.0,7920.06640625,10635.388671875,9871.818359375
1750.0,7464.236328125,7277.83203125,12703.154296875
1751.0,7364.1376953125,8146.2080078125,9720.8095703125
1752.0,8205.1630859375,7823.33203125,9944.43359375
1753.0,7643.3251953125,12584.8740234375,9796.9951171875
1754.0,7678.615234375,7287.85693359375,10150.796875
1755.0,7751.39404296875,7219.5888671875,10033.869140625
1756.0,7371.42138671875,7226.55029296875,9671.34375
1757.0,7359.1630859375,7405.875,12367.3125
1758.0,7471.54736328125,7616.7001953125,10153.888671875
1759.0,7366.83154296875,7231.25390625,9929.78515625
1760.0,7379.63916015625,7673.49169921875,9671.34375
1761.0,9040.333984375,7346.26123046875,9950.6533203125
1762.0,7393.90380859375,7622.39794921875,10036.5556640625
1763.0,7390.13818359375,7199.6728515625,9813.15234375
1764.0,7380.24365234375,7446.02978515625,9785.953125
1765.0,10496.6259765625,8060.1474609375,10150.796875
1766.0,7795.287109375,7390.017578125,9965.19140625
1767.0,7568.48486328125,7285.25,9936.92578125
1768.0,8243.943359375,7603.4765625,10739.81640625
1769.0,10781.5302734375,7301.107421875,18852.232421875
1770.0,7447.38818359375,7260.3349609375,9838.8046875
1771.0,7492.02294921875,7334.78466796875,9963.3876953125
1772.0,8313.0390625,7500.3486328125,13820.4658203125
1773.0,8867.181640625,7202.73681640625,10104.12890625
1774.0,7595.6123046875,9113.3310546875,11420.84765625
1775.0,7404.759765625,7202.73681640625,9884.1845703125
1776.0,8692.6005859375,7619.71044921875,9963.9404296875
1777.0,7450.93408203125,7734.9599609375,52764.40234375
1778.0,8829.6376953125,7328.119140625,9916.0205078125
1779.0,9118.994140625,7190.93798828125,9879.0322265625
1780.0,7688.7021484375,7679.94189453125,16251.1103515625
1781.0,11351.0634765625,7509.08349609375,9931.1474609375
1782.0,9611.2685546875,7559.021484375,9917.7138671875
1783.0,7474.04833984375,7432.64453125,10104.12890625
1784.0,10779.9091796875,7580.388671875,10382.775390625
1785.0,14262.82421875,7364.591796875,11135.5751953125
1786.0,7464.236328125,7201.76953125,9775.7587890625
1787.0,7423.9990234375,12363.8623046875,10246.1572265625
1788.0,7521.70654296875,7281.40673828125,12700.9453125
1789.0,7674.87744140625,7350.26611328125,13216.025390625
1790.0,7674.87744140625,7405.2568359375,10080.2060546875
1791.0,7447.38818359375,9359.2578125,9701.59765625
1792.0,14376.1982421875,8406.0576171875,9998.3154296875
1793.0,7456.2109375,7962.6904296875,9950.6533203125
1794.0,7770.82568359375,7500.3486328125,9963.9404296875
1795.0,7460.5810546875,8186.79296875,9994.892578125
1796.0,7429.3583984375,7622.39794921875,9922.71875
1797.0,7433.20654296875,7422.5927734375,11678.2216796875
1798.0,7447.38818359375,7403.40234375,11859.2998046875
1799.0,7451.62109375,7205.935546875,9900.1943359375
